id_usuario,genero,cursos_iniciados,cursos_finalizados,Minutos en pantalla,fecha_de_finalizacion
98258,M,4,3,113694,
98258,M,4,3,101022,2020-08-03 00:00:00
98258,M,8,6,137195,2021-04-05 00:00:00
98259,M,22,22,68490,2020-08-20 00:00:00
98259,M,44,44,131096,2020-08-21 00:00:00
98259,M,44,44,88947,2020-08-22 00:00:00
98259,M,66,66,254682,2020-08-29 00:00:00
98259,M,22,22,102118,2020-08-30 00:00:00
98259,M,44,44,119297,2020-09-27 00:00:00
98259,M,44,44,175663,2020-10-03 00:00:00
98259,M,44,44,93350,2021-03-21 00:00:00
98259,M,44,44,116956,2021-03-28 00:00:00
98259,M,22,22,23751,2021-04-03 00:00:00
98259,M,22,22,113172,2021-04-04 00:00:00
98259,M,22,22,50242,2021-04-18 00:00:00
98259,M,44,44,190027,2021-05-09 00:00:00
98260,M,1,1,37033,2021-03-16 00:00:00
98261,M,1,,39504,
98262,M,6,2,168379,
98262,M,3,1,73731,2021-03-30 00:00:00
98268,M,4,4,132377,2020-07-28 00:00:00
98269,M,6,6,56709,2020-07-28 00:00:00
98269,M,6,6,89735,2020-07-29 00:00:00
98269,M,6,6,40088,2020-09-03 00:00:00
98269,M,6,6,89563,2020-09-16 00:00:00
98269,M,12,12,68349,2021-04-01 00:00:00
98270,M,7,6,81545,
98270,M,7,6,77569,2020-08-18 00:00:00
98270,M,7,6,101273,2020-08-19 00:00:00
98270,M,7,6,30723,2020-08-26 00:00:00
98270,M,14,12,122255,2020-09-01 00:00:00
98270,M,7,6,96160,2020-09-07 00:00:00
98271,M,1,1,53319,2020-08-18 00:00:00
98273,F,6,6,95052,2020-07-28 00:00:00
98273,F,24,24,281278,2020-07-30 00:00:00
98273,F,6,6,35228,2020-08-03 00:00:00
98275,F,6,2,158992,
98275,F,3,1,91832,2020-07-28 00:00:00
98276,M,1,1,32384,2021-03-08 00:00:00
98278,M,4,3,64009,
98278,M,4,3,90680,2021-03-09 00:00:00
98278,M,4,3,59432,2021-03-15 00:00:00
98278,M,4,3,62848,2021-03-22 00:00:00
98279,M,1,,34455,
98280,M,1,,49459,
98281,F,3,2,30144,
98281,F,3,2,64779,2020-07-29 00:00:00
98281,F,3,2,28416,2021-04-06 00:00:00
98282,F,2,1,38760,
98282,F,2,1,84735,2020-09-01 00:00:00
98283,M,9,,230897,
98284,M,2,1,72431,
98284,M,2,1,100252,2021-03-30 00:00:00
98286,F,11,11,100846,2020-07-31 00:00:00
98286,F,11,11,40403,2020-08-08 00:00:00
98286,F,44,44,333820,2020-08-16 00:00:00
98286,F,11,11,69184,2020-08-23 00:00:00
98286,F,11,11,80924,2020-08-28 00:00:00
98286,F,11,11,48202,2020-09-07 00:00:00
98286,F,22,22,132428,2021-04-29 00:00:00
98287,M,1,1,108450,2021-03-11 00:00:00
98289,F,3,3,81250,2020-07-30 00:00:00
98289,F,6,6,109398,2020-09-02 00:00:00
98290,F,7,6,84226,
98290,F,7,6,110970,2020-08-02 00:00:00
98290,F,7,6,57594,2020-08-09 00:00:00
98290,F,14,12,113107,2020-08-13 00:00:00
98290,F,14,12,133899,2020-08-30 00:00:00
98291,M,3,3,89507,2020-08-12 00:00:00
98291,M,6,6,159481,2020-09-15 00:00:00
98292,F,3,2,68971,
98292,F,6,4,160394,2020-08-25 00:00:00
98293,M,4,,95858,
98295,F,7,6,67481,
98295,F,7,6,40184,2020-08-03 00:00:00
98295,F,7,6,101330,2020-08-05 00:00:00
98295,F,7,6,69833,2020-08-12 00:00:00
98295,F,7,6,41618,2020-08-19 00:00:00
98295,F,7,6,85270,2021-03-18 00:00:00
98295,F,7,6,89624,2021-03-26 00:00:00
98297,F,30,30,407258,2020-07-28 00:00:00
98297,F,6,6,67809,2020-07-29 00:00:00
98298,F,1,,32190,
98299,M,22,18,74720,
98299,M,11,9,106141,2020-08-06 00:00:00
98299,M,11,9,107610,2020-08-12 00:00:00
98299,M,11,9,93954,2020-08-13 00:00:00
98299,M,22,18,144831,2020-08-18 00:00:00
98299,M,11,9,45221,2020-09-15 00:00:00
98299,M,11,9,57363,2021-03-10 00:00:00
98299,M,11,9,114123,2021-03-16 00:00:00
98299,M,11,9,84900,2021-03-29 00:00:00
98300,M,12,12,79736,2020-07-28 00:00:00
98300,M,12,12,100585,2020-07-29 00:00:00
98300,M,12,12,67364,2020-08-03 00:00:00
98300,M,24,24,86288,2020-08-04 00:00:00
98300,M,24,24,179014,2020-08-05 00:00:00
98300,M,12,12,67683,2021-04-27 00:00:00
98300,M,12,12,66742,2021-04-28 00:00:00
98300,M,12,12,76415,2021-04-29 00:00:00
98300,M,24,24,45587,2021-04-30 00:00:00
98301,M,102,102,211627,2021-03-31 00:00:00
98301,M,170,170,401328,2021-04-07 00:00:00
98301,M,34,34,36250,2021-04-08 00:00:00
98301,M,68,68,134729,2021-04-09 00:00:00
98301,M,68,68,79109,2021-04-16 00:00:00
98301,M,102,102,158704,2021-04-17 00:00:00
98301,M,34,34,105486,2021-04-26 00:00:00
98301,M,68,68,178301,2021-04-27 00:00:00
98301,M,34,34,113977,2021-05-03 00:00:00
98301,M,102,102,114902,2021-05-04 00:00:00
98301,M,170,170,417985,2021-05-05 00:00:00
98301,M,136,136,170582,2021-05-07 00:00:00
98301,M,34,34,38765,2021-05-10 00:00:00
98301,M,34,34,19829,2021-05-11 00:00:00
98304,M,1,1,34606,2021-03-08 00:00:00
98305,M,6,6,82272,2020-07-28 00:00:00
98305,M,6,6,43104,2020-07-31 00:00:00
98305,M,6,6,44641,2020-08-10 00:00:00
98305,M,6,6,56076,2020-08-13 00:00:00
98305,M,6,6,20670,2020-08-31 00:00:00
98305,M,6,6,108701,2020-09-14 00:00:00
98307,F,4,3,46753,
98307,F,8,6,204896,2020-08-26 00:00:00
98307,F,4,3,44587,2020-09-01 00:00:00
98308,F,3,2,39676,
98308,F,3,2,91559,2020-08-03 00:00:00
98308,F,3,2,66350,2020-08-09 00:00:00
98309,M,9,,172972,
98310,M,2,1,38993,
98310,M,2,1,102328,2021-03-10 00:00:00
98312,F,4,4,120800,2020-08-04 00:00:00
98313,M,1,,88789,
98314,F,10,6,114984,
98314,F,5,3,89062,2020-08-05 00:00:00
98314,F,5,3,43478,2020-08-17 00:00:00
98314,F,5,3,20679,2021-04-06 00:00:00
98316,F,13,12,102577,
98316,F,52,48,205197,2020-07-28 00:00:00
98316,F,39,36,211587,2020-07-29 00:00:00
98316,F,39,36,198960,2021-03-14 00:00:00
98316,F,26,24,176479,2021-03-23 00:00:00
98317,F,1,,114861,
98319,F,3,2,78869,
98319,F,6,4,120534,2020-08-03 00:00:00
98321,F,2,1,59590,
98321,F,2,1,67860,2021-04-21 00:00:00
98322,F,12,3,242872,
98322,F,4,1,54607,2021-04-27 00:00:00
98324,M,1,,89975,
98325,M,6,2,72084,
98325,M,3,1,82069,2021-04-26 00:00:00
98326,M,1,,54827,
98328,M,1,,104365,
98331,F,1,,37994,
98335,M,20,16,164328,
98335,M,10,8,86521,2020-07-28 00:00:00
98335,M,10,8,60468,2020-07-30 00:00:00
98335,M,10,8,25647,2020-08-07 00:00:00
98335,M,20,16,155046,2020-09-04 00:00:00
98335,M,10,8,56748,2020-09-15 00:00:00
98335,M,10,8,31435,2020-09-16 00:00:00
98335,M,10,8,100308,2020-09-19 00:00:00
98337,M,1,,37130,
98338,F,3,3,79650,2020-08-24 00:00:00
98338,F,3,3,75470,2020-09-02 00:00:00
98338,F,3,3,22485,2020-09-10 00:00:00
98339,F,5,4,61213,
98339,F,10,8,106821,2021-04-12 00:00:00
98339,F,10,8,72666,2021-04-13 00:00:00
98340,M,28,24,129284,
98340,M,42,36,165013,2020-08-19 00:00:00
98340,M,28,24,132407,2020-08-20 00:00:00
98340,M,14,12,58240,2020-08-21 00:00:00
98340,M,42,36,241283,2020-08-23 00:00:00
98340,M,14,12,59577,2021-03-19 00:00:00
98340,M,28,24,154421,2021-03-20 00:00:00
98342,M,4,,99149,
98347,M,1,,44504,
98349,F,1,,83473,
98350,F,2,1,46210,
98350,F,2,1,80127,2020-09-24 00:00:00
98351,F,11,10,71911,
98351,F,11,10,68238,2020-08-03 00:00:00
98351,F,11,10,102806,2020-08-04 00:00:00
98351,F,11,10,58435,2020-08-06 00:00:00
98351,F,11,10,33279,2020-08-10 00:00:00
98351,F,22,20,187867,2020-08-11 00:00:00
98351,F,22,20,131301,2021-04-07 00:00:00
98351,F,22,20,60416,2021-04-12 00:00:00
98352,M,6,6,66326,2020-09-02 00:00:00
98352,M,12,12,153274,2021-03-11 00:00:00
98352,M,6,6,60999,2021-03-16 00:00:00
98352,M,6,6,87197,2021-03-17 00:00:00
98352,M,6,6,71581,2021-03-18 00:00:00
98355,M,33,24,228551,
98355,M,55,40,408784,2020-08-12 00:00:00
98355,M,22,16,108756,2020-08-13 00:00:00
98355,M,11,8,65117,2021-03-11 00:00:00
98356,F,16,12,105982,
98356,F,8,6,68330,2020-07-29 00:00:00
98356,F,8,6,19511,2020-07-30 00:00:00
98356,F,8,6,78835,2020-08-03 00:00:00
98356,F,24,18,185701,2021-03-17 00:00:00
98361,M,90,65,369386,
98361,M,18,13,19742,2020-07-29 00:00:00
98361,M,18,13,103472,2020-07-30 00:00:00
98361,M,54,39,188328,2020-08-04 00:00:00
98361,M,18,13,69241,2020-08-06 00:00:00
98361,M,18,13,97641,2020-08-25 00:00:00
98361,M,18,13,68582,2020-09-16 00:00:00
98361,M,18,13,107199,2020-09-28 00:00:00
98361,M,18,13,50432,2021-03-25 00:00:00
98361,M,18,13,39522,2021-03-30 00:00:00
98361,M,36,26,128564,2021-04-12 00:00:00
98362,M,36,27,202017,
98362,M,12,9,57309,2020-07-28 00:00:00
98362,M,12,9,59109,2020-08-03 00:00:00
98362,M,12,9,23672,2020-09-05 00:00:00
98362,M,12,9,51214,2020-09-28 00:00:00
98362,M,12,9,60764,2021-03-11 00:00:00
98362,M,36,27,233568,2021-04-04 00:00:00
98362,M,12,9,72034,2021-04-25 00:00:00
98363,F,3,2,60632,
98363,F,3,2,46574,2020-08-13 00:00:00
98363,F,3,2,20002,2020-08-19 00:00:00
98364,F,1,,76806,
98365,F,6,2,54031,
98365,F,3,1,36967,2020-09-25 00:00:00
98366,F,7,7,66345,2020-08-03 00:00:00
98366,F,7,7,113625,2020-08-04 00:00:00
98366,F,14,14,84078,2020-08-05 00:00:00
98366,F,7,7,40917,2020-08-06 00:00:00
98366,F,7,7,27569,2020-08-07 00:00:00
98366,F,7,7,19630,2020-08-10 00:00:00
98367,M,12,3,236558,
98367,M,4,1,90122,2020-09-16 00:00:00
98368,M,1,,70770,
98369,F,4,3,28329,
98369,F,4,3,19978,2020-07-28 00:00:00
98369,F,8,6,205915,2020-07-30 00:00:00
98370,M,1,,84166,
98371,F,1,,37754,
98373,M,3,3,76934,2021-03-22 00:00:00
98373,M,3,3,97412,2021-04-13 00:00:00
98373,M,3,3,53255,2021-04-16 00:00:00
98376,F,1,1,115016,2020-07-30 00:00:00
98377,M,7,7,106601,2020-07-29 00:00:00
98377,M,7,7,39308,2020-08-03 00:00:00
98377,M,7,7,60811,2020-08-04 00:00:00
98377,M,14,14,103076,2021-03-16 00:00:00
98377,M,14,14,133503,2021-03-17 00:00:00
98378,M,1,,43582,
98380,F,5,4,69630,
98380,F,5,4,22366,2020-09-01 00:00:00
98380,F,5,4,102553,2020-09-08 00:00:00
98380,F,5,4,51345,2020-09-09 00:00:00
98380,F,5,4,53150,2020-09-13 00:00:00
98381,M,2,1,29399,
98381,M,2,1,21688,2020-09-19 00:00:00
98384,F,12,3,173627,
98384,F,4,1,55568,2021-04-13 00:00:00
98386,F,3,2,99703,
98386,F,3,2,24754,2020-08-10 00:00:00
98386,F,3,2,24280,2020-08-11 00:00:00
98388,F,1,,99041,
98389,M,9,9,75723,2020-08-11 00:00:00
98389,M,36,36,245792,2020-08-24 00:00:00
98389,M,36,36,352138,2020-08-25 00:00:00
98392,F,1,,104531,
98393,M,1,,92833,
98394,F,2,2,98316,2020-08-16 00:00:00
98394,F,2,2,62881,2020-09-06 00:00:00
98395,F,6,2,143278,
98395,F,3,1,70974,2020-09-28 00:00:00
98398,M,2,1,34355,
98398,M,2,1,114902,2020-07-28 00:00:00
98399,M,4,3,90421,
98399,M,4,3,31209,2020-08-20 00:00:00
98399,M,4,3,66920,2020-08-21 00:00:00
98399,M,4,3,100885,2021-04-05 00:00:00
98401,F,3,3,64198,2020-07-31 00:00:00
98401,F,6,6,171653,2020-09-04 00:00:00
98402,F,3,3,54084,2020-08-27 00:00:00
98402,F,3,3,95356,2020-08-28 00:00:00
98402,F,3,3,87281,2020-09-04 00:00:00
98403,M,4,4,211007,2021-04-27 00:00:00
98404,M,4,3,53434,
98404,M,4,3,79311,2020-08-03 00:00:00
98404,M,4,3,26348,2020-08-08 00:00:00
98404,M,4,3,65745,2020-08-26 00:00:00
98405,M,1,,68247,
98408,M,1,,24652,
98409,M,1,,85184,
98411,F,1,,42290,
98412,M,2,2,37619,2020-07-28 00:00:00
98412,M,2,2,113068,2020-08-11 00:00:00
98415,M,3,2,107174,
98415,M,3,2,39223,2020-07-28 00:00:00
98415,M,3,2,113118,2021-04-12 00:00:00
98416,M,1,1,80626,2021-03-30 00:00:00
98417,M,56,40,258306,
98417,M,42,30,156227,2020-08-10 00:00:00
98417,M,28,20,87178,2020-08-14 00:00:00
98417,M,14,10,63351,2021-03-09 00:00:00
98417,M,28,20,131003,2021-03-11 00:00:00
98417,M,14,10,54882,2021-03-16 00:00:00
98417,M,14,10,74849,2021-03-19 00:00:00
98418,M,5,4,54014,
98418,M,20,16,276679,2021-03-30 00:00:00
98422,M,1,,41481,
98423,M,1,,111290,
98424,M,1,,35027,
98426,M,3,2,93905,
98426,M,3,2,50059,2020-09-10 00:00:00
98426,M,3,2,70560,2020-09-14 00:00:00
98427,M,1,,61744,
98429,M,1,,88277,
98430,M,2,1,90258,
98430,M,2,1,55673,2020-09-03 00:00:00
98432,F,4,4,67250,2020-09-27 00:00:00
98433,F,22,18,162364,
98433,F,11,9,38992,2020-08-10 00:00:00
98433,F,11,9,88026,2020-08-11 00:00:00
98433,F,11,9,85220,2020-09-10 00:00:00
98433,F,11,9,106851,2020-09-28 00:00:00
98433,F,11,9,47589,2021-03-17 00:00:00
98433,F,11,9,98227,2021-04-01 00:00:00
98433,F,11,9,107397,2021-04-11 00:00:00
98433,F,11,9,66844,2021-04-12 00:00:00
98433,F,11,9,110049,2021-04-27 00:00:00
98436,F,1,,25337,
98440,M,3,2,34945,
98440,M,6,4,163359,2020-08-17 00:00:00
98441,M,16,12,135478,
98441,M,8,6,87919,2020-08-19 00:00:00
98441,M,8,6,60528,2020-09-01 00:00:00
98441,M,8,6,103847,2020-09-24 00:00:00
98441,M,24,18,199845,2020-09-28 00:00:00
98443,M,4,4,142408,2020-08-12 00:00:00
98444,M,12,3,221289,
98444,M,4,1,45494,2021-05-01 00:00:00
98445,M,15,6,154119,
98445,M,5,2,83016,2021-03-12 00:00:00
98445,M,5,2,71991,2021-04-06 00:00:00
98447,F,9,9,99767,2020-08-03 00:00:00
98447,F,18,18,135316,2020-08-04 00:00:00
98447,F,9,9,83912,2020-08-10 00:00:00
98447,F,18,18,161164,2020-09-06 00:00:00
98447,F,18,18,133063,2020-09-24 00:00:00
98447,F,9,9,77328,2020-09-28 00:00:00
98448,M,25,25,309415,2021-05-06 00:00:00
98449,F,1,1,74667,2021-05-01 00:00:00
98450,F,2,2,25533,2020-08-09 00:00:00
98450,F,2,2,22068,2020-09-25 00:00:00
98451,M,4,,119333,
98454,M,16,12,135778,
98454,M,8,6,83697,2020-07-30 00:00:00
98454,M,16,12,177485,2020-08-05 00:00:00
98454,M,16,12,143569,2020-08-15 00:00:00
98454,M,8,6,56986,2020-08-29 00:00:00
98455,F,1,1,76907,2020-08-06 00:00:00
98457,F,1,,67226,
98458,F,5,5,105857,2020-08-10 00:00:00
98458,F,10,10,160721,2020-09-10 00:00:00
98458,F,10,10,129805,2021-05-03 00:00:00
98459,M,5,5,41448,2020-08-07 00:00:00
98459,M,5,5,48294,2020-09-16 00:00:00
98459,M,5,5,66410,2020-10-05 00:00:00
98459,M,10,10,113043,2021-03-30 00:00:00
98461,F,6,2,176230,
98461,F,3,1,34164,2020-08-13 00:00:00
98462,M,2,1,26649,
98462,M,2,1,45601,2020-07-28 00:00:00
98463,M,12,8,120557,
98463,M,6,4,40928,2020-08-07 00:00:00
98463,M,12,8,148686,2021-04-12 00:00:00
98463,M,6,4,63164,2021-04-20 00:00:00
98465,M,2,1,21395,
98465,M,2,1,94132,2021-04-29 00:00:00
98466,F,9,9,184904,2020-08-04 00:00:00
98468,F,7,6,70743,
98468,F,7,6,79047,2020-08-04 00:00:00
98468,F,7,6,23688,2020-08-05 00:00:00
98468,F,7,6,107422,2020-08-11 00:00:00
98468,F,21,18,152156,2020-08-12 00:00:00
98470,M,5,4,51238,
98470,M,10,8,112047,2020-09-09 00:00:00
98470,M,5,4,75785,2021-04-01 00:00:00
98470,M,5,4,84396,2021-05-03 00:00:00
98472,M,12,3,293734,
98472,M,4,1,80372,2021-04-27 00:00:00
98474,F,4,,95946,
98475,M,1,1,99442,2021-03-08 00:00:00
98476,F,2,1,108381,
98476,F,2,1,67456,2021-04-09 00:00:00
98477,M,12,11,108351,
98477,M,12,11,28289,2020-07-29 00:00:00
98477,M,12,11,79162,2020-07-31 00:00:00
98477,M,12,11,43386,2020-08-06 00:00:00
98477,M,24,22,132920,2020-08-07 00:00:00
98477,M,12,11,93733,2020-08-10 00:00:00
98477,M,12,11,64558,2020-08-31 00:00:00
98477,M,12,11,33670,2021-03-22 00:00:00
98477,M,12,11,84820,2021-04-06 00:00:00
98477,M,24,22,76846,2021-04-21 00:00:00
98478,F,1,,27792,
98479,F,4,3,77911,
98479,F,4,3,112722,2020-08-26 00:00:00
98479,F,4,3,34861,2020-09-01 00:00:00
98479,F,4,3,81200,2020-09-11 00:00:00
98484,M,1,,38247,
98488,M,56,40,313006,
98488,M,14,10,49731,2020-07-29 00:00:00
98488,M,28,20,77616,2020-08-06 00:00:00
98488,M,14,10,55098,2021-03-10 00:00:00
98488,M,28,20,129385,2021-03-24 00:00:00
98488,M,42,30,134192,2021-04-06 00:00:00
98488,M,14,10,82266,2021-04-12 00:00:00
98491,M,1,,67017,
98492,F,6,5,95951,
98492,F,18,15,193702,2020-08-24 00:00:00
98492,F,6,5,93562,2021-03-19 00:00:00
98492,F,6,5,67904,2021-04-13 00:00:00
98495,F,2,1,91746,
98495,F,2,1,29417,2020-07-31 00:00:00
98499,M,96,87,242848,
98499,M,224,203,452286,2020-08-22 00:00:00
98499,M,32,29,75102,2020-08-23 00:00:00
98499,M,128,116,167521,2020-08-24 00:00:00
98499,M,32,29,83177,2020-08-29 00:00:00
98499,M,224,203,528643,2020-08-30 00:00:00
98499,M,32,29,22229,2020-09-03 00:00:00
98499,M,64,58,129154,2020-09-04 00:00:00
98499,M,96,87,120780,2021-03-08 00:00:00
98499,M,64,58,156913,2021-03-18 00:00:00
98499,M,32,29,80787,2021-03-19 00:00:00
98501,M,26,22,151375,
98501,M,78,66,381322,2020-09-19 00:00:00
98501,M,13,11,113251,2020-09-25 00:00:00
98501,M,52,44,301896,2020-09-27 00:00:00
98502,F,16,15,59563,
98502,F,48,45,210396,2020-08-19 00:00:00
98502,F,16,15,71984,2020-08-28 00:00:00
98502,F,16,15,97462,2020-08-29 00:00:00
98502,F,16,15,109229,2020-08-31 00:00:00
98502,F,16,15,79711,2020-09-05 00:00:00
98502,F,16,15,33046,2020-09-20 00:00:00
98502,F,16,15,89539,2020-09-23 00:00:00
98502,F,48,45,212996,2020-09-24 00:00:00
98502,F,48,45,233091,2020-09-25 00:00:00
98504,M,2,2,40433,2020-08-05 00:00:00
98504,M,2,2,92493,2020-09-02 00:00:00
98505,F,4,4,137099,2021-04-18 00:00:00
98506,M,1,,111143,
98509,M,24,15,153084,
98509,M,8,5,90964,2020-08-02 00:00:00
98509,M,16,10,150189,2020-08-13 00:00:00
98509,M,16,10,147734,2020-08-19 00:00:00
98510,F,1,,28556,
98517,M,8,4,99183,
98517,M,8,4,74494,2020-08-01 00:00:00
98518,M,1,,79434,
98519,F,1,,79892,
98520,F,1,1,103124,2020-08-26 00:00:00
98521,F,1,,109548,
98522,M,6,2,212338,
98522,M,3,1,40734,2020-08-18 00:00:00
98527,F,12,11,94332,
98527,F,12,11,55954,2020-07-28 00:00:00
98527,F,12,11,84622,2020-08-04 00:00:00
98527,F,24,22,166097,2020-08-05 00:00:00
98527,F,12,11,82698,2020-08-11 00:00:00
98527,F,36,33,248736,2021-03-11 00:00:00
98527,F,12,11,80260,2021-03-15 00:00:00
98527,F,12,11,34902,2021-04-20 00:00:00
98527,F,12,11,89411,2021-04-29 00:00:00
98529,F,14,10,179437,
98529,F,35,25,342260,2020-09-23 00:00:00
98530,M,1,,83633,
98531,F,24,15,213362,
98531,F,8,5,95394,2020-07-29 00:00:00
98531,F,16,10,110069,2020-08-03 00:00:00
98531,F,8,5,86706,2020-08-26 00:00:00
98531,F,8,5,96948,2020-08-28 00:00:00
98535,M,1,1,84973,2021-03-12 00:00:00
98537,F,4,,81312,
98539,M,1,,24675,
98540,F,24,20,83209,
98540,F,72,60,311452,2020-09-28 00:00:00
98540,F,12,10,48553,2021-04-22 00:00:00
98540,F,36,30,224842,2021-04-25 00:00:00
98541,F,1,,96307,
98543,M,7,7,52666,2021-03-18 00:00:00
98543,M,7,7,70142,2021-03-19 00:00:00
98543,M,7,7,85583,2021-03-25 00:00:00
98543,M,7,7,46653,2021-03-28 00:00:00
98543,M,7,7,42215,2021-03-31 00:00:00
98543,M,7,7,65902,2021-04-21 00:00:00
98543,M,7,7,26961,2021-04-25 00:00:00
98545,M,2,2,70786,2020-08-17 00:00:00
98545,M,2,2,43092,2020-08-31 00:00:00
98548,F,7,7,52930,2020-08-04 00:00:00
98548,F,14,14,69242,2021-03-21 00:00:00
98548,F,14,14,124174,2021-04-02 00:00:00
98548,F,7,7,45613,2021-04-03 00:00:00
98548,F,7,7,93264,2021-04-10 00:00:00
98549,F,24,8,311131,
98549,F,6,2,24659,2021-03-17 00:00:00
98549,F,6,2,112117,2021-04-07 00:00:00
98550,M,9,,232622,
98552,F,2,1,29102,
98552,F,2,1,45272,2020-08-03 00:00:00
98553,M,1,1,70643,2020-09-24 00:00:00
98556,F,24,15,275437,
98556,F,8,5,76252,2020-08-06 00:00:00
98556,F,8,5,24768,2020-08-07 00:00:00
98556,F,8,5,27887,2020-08-10 00:00:00
98556,F,8,5,96980,2020-09-08 00:00:00
98556,F,8,5,81114,2020-09-10 00:00:00
98557,M,6,5,115033,
98557,M,12,10,165454,2020-09-24 00:00:00
98557,M,6,5,43403,2020-09-25 00:00:00
98557,M,12,10,86712,2021-04-06 00:00:00
98558,M,12,8,156621,
98558,M,12,8,143863,2020-07-29 00:00:00
98558,M,12,8,147355,2020-08-04 00:00:00
98559,M,2,1,27765,
98559,M,2,1,28581,2020-09-23 00:00:00
98560,F,6,2,196892,
98560,F,3,1,94686,2021-03-16 00:00:00
98563,F,12,3,178743,
98563,F,4,1,28615,2021-03-31 00:00:00
98565,M,1,,21493,
98566,F,7,6,79534,
98566,F,14,12,124131,2020-07-31 00:00:00
98566,F,28,24,239290,2020-08-24 00:00:00
98567,F,2,1,96886,
98567,F,2,1,34477,2021-03-26 00:00:00
98569,M,1,,33100,
98571,F,1,,95642,
98572,F,25,,328135,
98583,F,1,1,46227,2021-04-12 00:00:00
98584,F,4,3,34520,
98584,F,8,6,123480,2020-08-07 00:00:00
98584,F,4,3,42641,2020-09-24 00:00:00
98585,F,2,1,53266,
98585,F,2,1,59485,2020-08-17 00:00:00
98586,F,1,,97626,
98588,F,16,,233072,
98591,M,1,,83166,
98594,M,1,,78671,
98595,M,3,2,33500,
98595,M,3,2,21997,2021-03-15 00:00:00
98595,M,3,2,69744,2021-03-29 00:00:00
98597,F,9,,135657,
98598,F,2,1,91331,
98598,F,2,1,29382,2021-04-12 00:00:00
98599,F,1,,98818,
98602,F,1,,24940,
98605,F,2,1,110280,
98605,F,2,1,26837,2021-05-10 00:00:00
98609,F,2,1,72247,
98609,F,2,1,103707,2020-09-26 00:00:00
98613,M,36,27,162638,
98613,M,12,9,82243,2020-08-02 00:00:00
98613,M,12,9,59863,2020-08-06 00:00:00
98613,M,48,36,278164,2020-08-15 00:00:00
98613,M,12,9,90035,2020-08-21 00:00:00
98613,M,12,9,41261,2021-03-13 00:00:00
98613,M,12,9,24517,2021-04-24 00:00:00
98614,F,1,,85954,
98615,F,9,9,63368,2020-08-11 00:00:00
98615,F,9,9,21099,2020-09-01 00:00:00
98615,F,27,27,234475,2020-09-02 00:00:00
98615,F,18,18,65780,2021-04-16 00:00:00
98615,F,18,18,177552,2021-05-05 00:00:00
98616,F,1,,76352,
98618,F,2,2,33584,2020-09-05 00:00:00
98618,F,2,2,95332,2020-09-24 00:00:00
98622,F,9,,198190,
98628,F,1,1,62871,2020-09-23 00:00:00
98629,M,1,1,107219,2020-08-17 00:00:00
98630,F,9,,166966,
98632,F,1,,72018,
98636,F,2,1,39103,
98636,F,2,1,29118,2020-09-24 00:00:00
98638,F,16,,144056,
98640,F,9,,142679,
98642,F,7,6,99299,
98642,F,14,12,124466,2020-08-05 00:00:00
98642,F,7,6,31895,2020-08-10 00:00:00
98642,F,7,6,54000,2020-08-12 00:00:00
98642,F,7,6,85889,2020-08-15 00:00:00
98642,F,7,6,38893,2021-04-11 00:00:00
98645,M,1,,34559,
98647,F,4,3,26549,
98647,F,4,3,62949,2020-07-29 00:00:00
98647,F,4,3,86727,2020-08-06 00:00:00
98647,F,4,3,23180,2020-08-15 00:00:00
98651,M,30,5,397798,
98651,M,6,1,32071,2020-07-28 00:00:00
98652,F,14,10,151852,
98652,F,7,5,102574,2020-07-29 00:00:00
98652,F,14,10,155413,2020-08-11 00:00:00
98652,F,7,5,112948,2020-09-25 00:00:00
98652,F,7,5,49646,2021-03-30 00:00:00
98654,M,3,2,38723,
98654,M,6,4,108702,2020-08-01 00:00:00
98659,M,1,,28416,
98660,F,1,1,95001,2020-09-15 00:00:00
98661,F,1,,76259,
98665,M,3,2,25912,
98665,M,3,2,57795,2020-09-14 00:00:00
98665,M,3,2,38965,2021-03-09 00:00:00
98666,M,1,,41174,
98668,F,6,6,46944,2020-09-03 00:00:00
98668,F,6,6,96540,2020-09-09 00:00:00
98668,F,24,24,228539,2020-09-14 00:00:00
98670,F,1,,103765,
98671,M,1,,74229,
98672,M,1,,94887,
98676,M,3,2,53536,
98676,M,3,2,63384,2021-03-09 00:00:00
98676,M,3,2,44750,2021-03-31 00:00:00
98679,M,44,28,291369,
98679,M,22,14,95261,2020-09-01 00:00:00
98679,M,22,14,127962,2021-03-11 00:00:00
98679,M,11,7,105386,2021-03-14 00:00:00
98679,M,11,7,52023,2021-03-17 00:00:00
98679,M,11,7,107519,2021-04-02 00:00:00
98680,M,84,68,306338,
98680,M,42,34,124305,2020-08-31 00:00:00
98680,M,42,34,148013,2020-09-06 00:00:00
98680,M,21,17,90666,2020-09-21 00:00:00
98680,M,21,17,81190,2020-09-22 00:00:00
98680,M,84,68,336552,2020-09-23 00:00:00
98680,M,21,17,39656,2021-03-15 00:00:00
98680,M,21,17,37881,2021-03-22 00:00:00
98680,M,42,34,215732,2021-03-31 00:00:00
98680,M,21,17,54983,2021-04-28 00:00:00
98680,M,21,17,114512,2021-04-29 00:00:00
98680,M,21,17,54458,2021-05-03 00:00:00
98681,F,4,4,115661,2021-04-20 00:00:00
98683,F,2,2,106382,2020-08-26 00:00:00
98683,F,2,2,86684,2020-09-07 00:00:00
98684,F,13,12,53531,
98684,F,26,24,97114,2020-08-05 00:00:00
98684,F,13,12,27947,2020-09-03 00:00:00
98684,F,13,12,51125,2020-09-08 00:00:00
98684,F,13,12,46840,2020-09-09 00:00:00
98684,F,26,24,193516,2021-03-10 00:00:00
98684,F,39,36,142333,2021-03-11 00:00:00
98684,F,13,12,40092,2021-04-07 00:00:00
98684,F,13,12,104213,2021-04-09 00:00:00
98685,M,1,,104991,
98686,M,12,3,256751,
98686,M,4,1,31101,2020-09-14 00:00:00
98687,M,6,6,103898,2020-07-30 00:00:00
98687,M,6,6,55981,2020-07-31 00:00:00
98687,M,6,6,68381,2020-08-03 00:00:00
98687,M,18,18,252212,2020-08-04 00:00:00
98689,M,1,,27182,
98692,F,1,,56277,
98693,F,2,1,32142,
98693,F,2,1,48814,2020-08-25 00:00:00
98695,F,1,,98789,
98696,M,4,4,109574,2020-08-24 00:00:00
98696,M,4,4,39912,2020-09-17 00:00:00
98696,M,4,4,64503,2020-09-19 00:00:00
98696,M,4,4,85673,2020-09-23 00:00:00
98697,M,24,24,277971,2020-08-28 00:00:00
98697,M,12,12,171396,2021-04-12 00:00:00
98698,M,32,16,322997,
98698,M,8,4,82991,2021-03-25 00:00:00
98698,M,8,4,107938,2021-03-28 00:00:00
98698,M,8,4,41878,2021-04-01 00:00:00
98698,M,8,4,86622,2021-04-09 00:00:00
98699,F,10,6,55404,
98699,F,10,6,71734,2021-03-15 00:00:00
98699,F,5,3,63996,2021-03-16 00:00:00
98700,M,2,1,35926,
98700,M,2,1,32027,2020-09-23 00:00:00
98701,M,1,,35621,
98702,M,6,2,63398,
98702,M,3,1,53343,2021-04-15 00:00:00
98704,F,1,,99769,
98707,M,3,2,106662,
98707,M,6,4,134698,2021-04-06 00:00:00
98709,M,6,2,119499,
98709,M,3,1,26162,2021-03-15 00:00:00
98711,F,1,,47070,
98712,M,3,2,51589,
98712,M,3,2,69654,2020-08-07 00:00:00
98712,M,3,2,51245,2021-03-31 00:00:00
98713,F,6,2,183131,
98713,F,3,1,55056,2020-09-24 00:00:00
98714,F,56,56,645278,2020-09-15 00:00:00
98714,F,8,8,98420,2020-09-17 00:00:00
98716,F,16,,350711,
98717,M,1,1,97730,2020-08-04 00:00:00
98718,M,6,2,164061,
98718,M,3,1,78886,2021-03-16 00:00:00
98721,F,1,,29325,
98724,M,2,1,41077,
98724,M,2,1,56413,2020-08-05 00:00:00
98727,M,1,,55581,
98728,M,5,5,58419,2020-08-18 00:00:00
98728,M,10,10,150334,2020-08-25 00:00:00
98728,M,5,5,44199,2020-09-01 00:00:00
98728,M,5,5,63268,2020-09-04 00:00:00
98731,M,4,4,141848,2021-04-30 00:00:00
98732,F,6,6,149550,2021-03-08 00:00:00
98732,F,3,3,103140,2021-03-16 00:00:00
98735,M,14,13,72519,
98735,M,28,26,162952,2020-08-25 00:00:00
98735,M,14,13,90190,2020-09-15 00:00:00
98735,M,14,13,40539,2020-09-16 00:00:00
98735,M,14,13,96601,2020-09-29 00:00:00
98735,M,14,13,36908,2020-10-06 00:00:00
98735,M,14,13,61012,2021-03-16 00:00:00
98735,M,14,13,71839,2021-03-17 00:00:00
98735,M,14,13,35939,2021-03-25 00:00:00
98735,M,14,13,32963,2021-04-06 00:00:00
98735,M,14,13,59499,2021-04-12 00:00:00
98735,M,14,13,83814,2021-04-22 00:00:00
98735,M,14,13,54273,2021-04-28 00:00:00
98737,M,9,9,226883,2021-04-13 00:00:00
98739,M,3,3,46999,2020-08-25 00:00:00
98739,M,6,6,189785,2020-08-26 00:00:00
98740,M,1,,81129,
98742,M,1,1,92992,2021-03-31 00:00:00
98745,F,3,2,21702,
98745,F,3,2,28521,2021-03-21 00:00:00
98745,F,3,2,74014,2021-03-29 00:00:00
98746,M,2,1,85995,
98746,M,2,1,24596,2020-07-28 00:00:00
98748,M,4,4,148010,2021-04-20 00:00:00
98749,F,2,1,48612,
98749,F,2,1,88794,2021-03-19 00:00:00
98750,F,5,4,102839,
98750,F,5,4,67535,2020-07-28 00:00:00
98750,F,15,12,234710,2021-03-17 00:00:00
98751,F,7,6,83900,
98751,F,14,12,153029,2020-08-18 00:00:00
98751,F,14,12,111920,2020-09-24 00:00:00
98751,F,14,12,205085,2020-09-25 00:00:00
98753,M,1,,107237,
98756,M,6,2,169999,
98756,M,3,1,86526,2020-08-31 00:00:00
98759,M,3,2,42336,
98759,M,6,4,159572,2021-04-28 00:00:00
98760,F,1,,52109,
98761,M,18,9,180553,
98761,M,6,3,96664,2021-04-15 00:00:00
98761,M,6,3,42294,2021-04-16 00:00:00
98761,M,6,3,20290,2021-04-27 00:00:00
98762,M,12,12,92370,2020-09-26 00:00:00
98762,M,24,24,225368,2020-09-27 00:00:00
98764,M,3,2,87689,
98764,M,6,4,93547,2021-03-25 00:00:00
98765,F,1,,74520,
98767,F,1,,41865,
98770,F,96,60,364476,
98770,F,32,20,68670,2020-07-30 00:00:00
98770,F,64,40,229501,2020-08-12 00:00:00
98770,F,16,10,44115,2021-03-18 00:00:00
98770,F,48,30,202716,2021-04-05 00:00:00
98771,F,6,6,46413,2020-07-30 00:00:00
98771,F,12,12,102183,2020-07-31 00:00:00
98771,F,6,6,100191,2020-08-20 00:00:00
98771,F,12,12,141821,2020-08-28 00:00:00
98772,M,4,4,74939,2021-05-03 00:00:00
98772,M,4,4,66619,2021-05-04 00:00:00
98772,M,8,8,199564,2021-05-05 00:00:00
98774,M,28,24,91382,
98774,M,14,12,91702,2020-07-30 00:00:00
98774,M,14,12,23024,2020-07-31 00:00:00
98774,M,14,12,94931,2020-08-03 00:00:00
98774,M,14,12,89442,2020-08-04 00:00:00
98774,M,14,12,109857,2020-08-05 00:00:00
98774,M,14,12,44444,2020-08-06 00:00:00
98774,M,14,12,69284,2020-08-07 00:00:00
98774,M,14,12,81054,2020-08-10 00:00:00
98774,M,14,12,27966,2020-08-20 00:00:00
98774,M,28,24,127382,2021-04-29 00:00:00
98774,M,14,12,65425,2021-05-06 00:00:00
98776,F,6,2,101764,
98776,F,3,1,105007,2020-09-23 00:00:00
98778,M,8,4,137048,
98778,M,4,2,35635,2020-08-12 00:00:00
98778,M,4,2,96548,2020-08-28 00:00:00
98780,F,4,4,21259,2020-09-14 00:00:00
98780,F,4,4,90790,2020-09-25 00:00:00
98780,F,8,8,124570,2021-03-16 00:00:00
98782,F,2,2,57026,2021-03-18 00:00:00
98782,F,2,2,28834,2021-03-26 00:00:00
98784,M,18,18,200765,2020-08-15 00:00:00
98784,M,12,12,132259,2021-04-12 00:00:00
98784,M,6,6,65988,2021-04-16 00:00:00
98787,M,2,1,64390,
98787,M,2,1,61832,2021-03-31 00:00:00
98790,F,6,5,38160,
98790,F,12,10,156697,2021-04-28 00:00:00
98790,F,18,15,204425,2021-04-29 00:00:00
98791,F,10,6,174518,
98791,F,10,6,140365,2020-07-29 00:00:00
98791,F,5,3,57170,2020-07-30 00:00:00
98796,F,8,8,104055,2020-08-11 00:00:00
98796,F,8,8,30855,2020-08-16 00:00:00
98796,F,8,8,55220,2020-08-23 00:00:00
98796,F,16,16,167626,2020-08-30 00:00:00
98796,F,8,8,100143,2020-09-06 00:00:00
98796,F,8,8,32333,2021-03-11 00:00:00
98796,F,8,8,68693,2021-04-15 00:00:00
98799,F,6,2,158233,
98799,F,3,1,62052,2020-08-11 00:00:00
98800,M,1,,32246,
98803,F,2,1,75819,
98803,F,2,1,103037,2020-09-02 00:00:00
98804,F,4,,74835,
98806,F,5,5,72313,2020-07-29 00:00:00
98806,F,10,10,155850,2020-08-18 00:00:00
98806,F,10,10,46696,2020-08-23 00:00:00
98807,M,2,1,101439,
98807,M,2,1,111404,2020-09-26 00:00:00
98809,M,1,,82597,
98810,M,4,,109776,
98811,M,16,,308674,
98814,M,1,,74931,
98815,M,4,4,64793,2020-07-28 00:00:00
98819,M,28,12,303048,
98819,M,7,3,102472,2020-07-29 00:00:00
98819,M,7,3,91065,2020-07-30 00:00:00
98819,M,7,3,22651,2020-08-17 00:00:00
98821,M,3,3,24084,2021-03-11 00:00:00
98821,M,6,6,69545,2021-05-04 00:00:00
98825,M,1,1,40910,2021-04-06 00:00:00
98826,M,1,,96868,
98827,M,44,28,359527,
98827,M,11,7,98378,2020-09-28 00:00:00
98827,M,11,7,84374,2021-04-19 00:00:00
98827,M,44,28,237160,2021-04-25 00:00:00
98827,M,11,7,79638,2021-04-28 00:00:00
98832,M,6,5,27904,
98832,M,12,10,125673,2020-08-17 00:00:00
98832,M,6,5,85213,2020-09-02 00:00:00
98832,M,6,5,115188,2020-09-03 00:00:00
98832,M,6,5,49074,2021-04-29 00:00:00
98834,M,3,3,93887,2020-08-11 00:00:00
98834,M,3,3,87686,2020-08-18 00:00:00
98834,M,3,3,97781,2020-08-23 00:00:00
98835,F,6,2,47619,
98835,F,3,1,20134,2021-03-11 00:00:00
98836,M,2,1,109430,
98836,M,2,1,103562,2020-09-22 00:00:00
98837,F,3,3,93565,2020-07-29 00:00:00
98837,F,3,3,73111,2020-08-10 00:00:00
98837,F,3,3,96143,2020-09-09 00:00:00
98838,M,1,,80176,
98840,M,4,,74655,
98842,M,1,1,110880,2021-04-26 00:00:00
98845,M,55,30,239773,
98845,M,11,6,34874,2020-07-31 00:00:00
98845,M,22,12,203075,2020-08-02 00:00:00
98845,M,11,6,63019,2020-08-04 00:00:00
98845,M,11,6,73496,2020-08-31 00:00:00
98845,M,11,6,86784,2021-03-30 00:00:00
98846,F,2,2,22732,2021-03-12 00:00:00
98846,F,2,2,58081,2021-04-21 00:00:00
98847,F,3,2,106776,
98847,F,6,4,142782,2021-05-07 00:00:00
98848,F,4,,84795,
98850,M,5,4,89245,
98850,M,10,8,102447,2020-08-20 00:00:00
98850,M,10,8,142060,2020-08-25 00:00:00
98852,M,4,4,90118,2021-04-27 00:00:00
98853,M,1,,97452,
98854,F,8,4,91931,
98854,F,4,2,76191,2020-09-26 00:00:00
98854,F,4,2,90880,2021-05-05 00:00:00
98860,M,11,11,23868,2020-07-31 00:00:00
98860,M,11,11,95425,2020-08-04 00:00:00
98860,M,11,11,69658,2020-08-05 00:00:00
98860,M,11,11,19248,2020-08-06 00:00:00
98860,M,11,11,45616,2020-08-11 00:00:00
98860,M,11,11,114073,2020-08-18 00:00:00
98860,M,11,11,53504,2020-08-24 00:00:00
98860,M,11,11,65706,2020-09-01 00:00:00
98860,M,11,11,59510,2020-09-15 00:00:00
98860,M,11,11,99540,2021-04-16 00:00:00
98860,M,11,11,112990,2021-05-03 00:00:00
98861,M,4,2,111817,
98861,M,4,2,87780,2021-04-09 00:00:00
98861,M,4,2,112260,2021-05-10 00:00:00
98861,M,4,2,52826,2021-05-11 00:00:00
98862,M,6,2,144677,
98862,M,3,1,55451,2020-07-30 00:00:00
98864,F,1,1,70888,2020-07-28 00:00:00
98865,M,1,,105487,
98867,M,1,,32721,
98870,M,2,2,82497,2020-08-20 00:00:00
98870,M,2,2,76982,2020-08-31 00:00:00
98871,F,4,3,67439,
98871,F,4,3,40527,2020-08-11 00:00:00
98871,F,4,3,103401,2020-08-16 00:00:00
98871,F,4,3,62084,2020-08-17 00:00:00
98872,M,1,,20795,
98879,F,1,,69685,
98881,F,4,,109271,
98882,M,1,,86929,
98885,M,4,,90379,
98886,M,1,,43746,
98888,F,16,16,241874,2021-03-16 00:00:00
98889,M,4,3,92381,
98889,M,8,6,167762,2020-08-25 00:00:00
98889,M,4,3,91572,2020-08-26 00:00:00
98890,F,2,1,45471,
98890,F,2,1,95779,2020-08-11 00:00:00
98891,F,1,,26141,
98892,F,1,,65912,
98893,M,3,2,113346,
98893,M,6,4,194571,2020-09-10 00:00:00
98894,M,4,,165417,
98895,M,1,,111857,
98896,F,10,6,100811,
98896,F,15,9,270911,2020-09-27 00:00:00
98897,M,1,,115094,
98898,M,17,16,84494,
98898,M,17,16,60895,2020-07-28 00:00:00
98898,M,102,96,535958,2020-08-02 00:00:00
98898,M,68,64,394221,2020-08-03 00:00:00
98898,M,34,32,201760,2020-08-04 00:00:00
98898,M,34,32,104346,2020-08-09 00:00:00
98898,M,17,16,26563,2020-09-10 00:00:00
98902,F,3,3,83819,2020-07-28 00:00:00
98902,F,6,6,63816,2020-09-28 00:00:00
98903,F,4,,145781,
98904,M,1,,102335,
98905,M,2,1,30167,
98905,M,2,1,112986,2021-03-18 00:00:00
98906,M,1,,71804,
98908,M,8,4,182841,
98908,M,4,2,37198,2021-03-24 00:00:00
98908,M,4,2,51956,2021-05-10 00:00:00
98909,M,1,,94872,
98910,F,26,22,135066,
98910,F,26,22,154955,2020-07-30 00:00:00
98910,F,13,11,42993,2020-08-05 00:00:00
98910,F,13,11,34150,2020-08-07 00:00:00
98910,F,26,22,95761,2020-08-09 00:00:00
98910,F,13,11,53472,2021-03-17 00:00:00
98910,F,26,22,123530,2021-03-19 00:00:00
98910,F,13,11,37686,2021-04-06 00:00:00
98910,F,13,11,89027,2021-04-14 00:00:00
98912,M,5,4,103739,
98912,M,5,4,80912,2021-04-11 00:00:00
98912,M,10,8,127629,2021-04-14 00:00:00
98912,M,5,4,71186,2021-04-27 00:00:00
98913,M,1,1,93716,2020-08-04 00:00:00
98914,M,1,,36344,
98915,F,1,,41795,
98923,M,4,3,80853,
98923,M,4,3,90398,2020-08-17 00:00:00
98923,M,8,6,109116,2021-05-06 00:00:00
98926,M,9,,168937,
98927,F,1,1,93511,2021-03-16 00:00:00
98929,M,11,10,89040,
98929,M,22,20,45866,2020-08-11 00:00:00
98929,M,11,10,34506,2020-08-24 00:00:00
98929,M,11,10,34883,2020-08-25 00:00:00
98929,M,11,10,82160,2020-09-04 00:00:00
98929,M,11,10,38389,2020-09-14 00:00:00
98929,M,11,10,79220,2020-09-15 00:00:00
98929,M,22,20,112324,2020-09-21 00:00:00
98929,M,11,10,43196,2020-09-27 00:00:00
98930,F,14,14,214283,2020-08-11 00:00:00
98930,F,7,7,60905,2020-08-12 00:00:00
98930,F,28,28,404919,2021-03-11 00:00:00
98932,F,116,100,376622,
98932,F,29,25,48634,2020-07-29 00:00:00
98932,F,29,25,52759,2020-07-30 00:00:00
98932,F,29,25,84651,2020-08-03 00:00:00
98932,F,29,25,55070,2020-08-05 00:00:00
98932,F,58,50,157253,2020-08-11 00:00:00
98932,F,29,25,104432,2020-08-17 00:00:00
98932,F,29,25,55835,2020-08-19 00:00:00
98932,F,29,25,59827,2020-08-21 00:00:00
98932,F,29,25,49615,2020-08-25 00:00:00
98932,F,29,25,20215,2020-09-01 00:00:00
98932,F,29,25,94974,2020-09-02 00:00:00
98932,F,29,25,37924,2020-09-04 00:00:00
98932,F,29,25,50586,2020-09-10 00:00:00
98932,F,29,25,57677,2020-09-15 00:00:00
98932,F,29,25,65978,2020-09-16 00:00:00
98932,F,29,25,47200,2020-09-24 00:00:00
98932,F,29,25,87696,2021-03-15 00:00:00
98932,F,58,50,150031,2021-03-18 00:00:00
98932,F,29,25,59527,2021-03-23 00:00:00
98932,F,29,25,105527,2021-03-25 00:00:00
98932,F,29,25,88051,2021-03-30 00:00:00
98932,F,29,25,79744,2021-04-08 00:00:00
98932,F,29,25,27308,2021-04-14 00:00:00
98933,F,1,,63637,
98936,M,2,1,68867,
98936,M,2,1,32771,2020-09-24 00:00:00
98938,M,16,16,103191,2020-07-29 00:00:00
98938,M,16,16,91716,2020-07-30 00:00:00
98938,M,32,32,129947,2020-08-01 00:00:00
98938,M,32,32,111646,2020-08-02 00:00:00
98938,M,16,16,48106,2020-08-03 00:00:00
98938,M,16,16,112815,2020-08-04 00:00:00
98938,M,16,16,111020,2020-08-05 00:00:00
98938,M,16,16,49573,2020-08-06 00:00:00
98938,M,16,16,32359,2020-08-07 00:00:00
98938,M,16,16,23452,2020-08-19 00:00:00
98938,M,16,16,95703,2020-08-20 00:00:00
98938,M,16,16,108388,2020-08-26 00:00:00
98938,M,16,16,72357,2021-03-17 00:00:00
98938,M,16,16,69392,2021-03-18 00:00:00
98939,F,7,7,91065,2020-07-29 00:00:00
98939,F,7,7,61714,2020-07-31 00:00:00
98939,F,14,14,179642,2020-08-07 00:00:00
98939,F,14,14,79453,2020-08-14 00:00:00
98939,F,7,7,43649,2020-08-28 00:00:00
98940,F,4,,119111,
98941,F,1,1,41535,2020-07-31 00:00:00
98943,M,11,11,67516,2020-08-26 00:00:00
98943,M,22,22,59977,2020-08-27 00:00:00
98943,M,11,11,19434,2020-08-28 00:00:00
98943,M,22,22,161422,2020-08-31 00:00:00
98943,M,11,11,21637,2020-09-02 00:00:00
98943,M,11,11,42896,2020-09-11 00:00:00
98943,M,11,11,65349,2020-09-24 00:00:00
98943,M,22,22,69286,2020-09-25 00:00:00
102972,F,1,,45346,
102973,M,2,2,85592,2020-08-26 00:00:00
102973,M,2,2,77746,2020-08-27 00:00:00
102975,M,1,,39612,
102976,M,16,,287936,
102978,F,4,,161035,
102987,M,2,1,34033,
102987,M,2,1,77386,2021-05-01 00:00:00
102991,F,3,2,91638,
102991,F,3,2,108708,2020-08-18 00:00:00
102991,F,3,2,25982,2021-04-29 00:00:00
102992,M,1,,110604,
102993,M,13,13,43867,2020-08-20 00:00:00
102993,M,13,13,83069,2020-08-21 00:00:00
102993,M,26,26,132504,2020-08-31 00:00:00
102993,M,26,26,177626,2020-09-01 00:00:00
102993,M,65,65,392555,2021-03-14 00:00:00
102993,M,26,26,135909,2021-03-24 00:00:00
102994,M,2,1,51869,
102994,M,2,1,88011,2021-03-17 00:00:00
102995,M,1,,76057,
102996,F,1,,19784,
102998,M,1,,81053,
103000,F,30,5,238900,
103000,F,6,1,52429,2021-04-13 00:00:00
103001,F,1,,114740,
103003,M,32,28,154973,
103003,M,16,14,31688,2020-08-25 00:00:00
103003,M,16,14,109379,2020-08-27 00:00:00
103003,M,16,14,36779,2020-08-29 00:00:00
103003,M,16,14,62732,2020-08-31 00:00:00
103003,M,16,14,88959,2020-09-01 00:00:00
103003,M,16,14,67022,2020-09-02 00:00:00
103003,M,16,14,47768,2020-09-08 00:00:00
103003,M,16,14,97657,2020-09-09 00:00:00
103003,M,32,28,106276,2020-09-11 00:00:00
103003,M,16,14,98295,2020-09-14 00:00:00
103003,M,16,14,51846,2020-09-21 00:00:00
103003,M,16,14,24466,2020-09-22 00:00:00
103003,M,16,14,76274,2020-09-23 00:00:00
103004,F,4,4,143224,2021-03-21 00:00:00
103006,F,6,2,84690,
103006,F,3,1,58154,2020-09-23 00:00:00
103007,F,3,2,30266,
103007,F,3,2,63056,2020-08-12 00:00:00
103007,F,3,2,89374,2021-04-20 00:00:00
103008,M,8,7,49526,
103008,M,8,7,34431,2020-08-15 00:00:00
103008,M,24,21,157017,2020-09-25 00:00:00
103008,M,16,14,130298,2020-09-28 00:00:00
103008,M,8,7,24713,2021-03-22 00:00:00
103010,M,4,4,25849,2020-08-29 00:00:00
103010,M,4,4,67014,2020-09-07 00:00:00
103010,M,4,4,94490,2020-09-15 00:00:00
103010,M,4,4,23535,2020-10-02 00:00:00
103012,F,1,,24525,
103014,F,1,,30241,
103015,M,1,,100534,
103016,M,12,8,96015,
103016,M,6,4,32606,2020-08-16 00:00:00
103016,M,12,8,107929,2020-08-17 00:00:00
103016,M,6,4,77300,2020-09-24 00:00:00
103017,F,12,12,25428,2020-08-12 00:00:00
103017,F,12,12,37489,2020-08-13 00:00:00
103017,F,12,12,52320,2020-08-14 00:00:00
103017,F,12,12,20836,2020-08-17 00:00:00
103017,F,12,12,35430,2020-08-18 00:00:00
103017,F,12,12,93590,2020-08-19 00:00:00
103017,F,12,12,89709,2020-08-20 00:00:00
103017,F,24,24,123673,2020-08-25 00:00:00
103017,F,36,36,225241,2020-09-04 00:00:00
103019,M,4,,87140,
103020,M,1,,41185,
103021,M,1,,106903,
103022,M,39,30,193567,
103022,M,13,10,35377,2020-08-12 00:00:00
103022,M,26,20,95028,2020-08-18 00:00:00
103022,M,39,30,207301,2020-08-27 00:00:00
103022,M,13,10,77438,2020-09-03 00:00:00
103022,M,13,10,81819,2020-09-09 00:00:00
103022,M,13,10,89957,2020-09-22 00:00:00
103022,M,13,10,106922,2021-04-02 00:00:00
103024,F,2,1,25669,
103024,F,2,1,101945,2021-04-27 00:00:00
103025,F,16,,288995,
103027,F,9,8,90089,
103027,F,9,8,72573,2020-08-20 00:00:00
103027,F,9,8,29309,2021-03-09 00:00:00
103027,F,9,8,61600,2021-03-11 00:00:00
103027,F,18,16,159688,2021-03-12 00:00:00
103027,F,9,8,59698,2021-03-27 00:00:00
103027,F,18,16,166219,2021-04-14 00:00:00
103028,F,1,,31691,
103030,F,4,3,31182,
103030,F,4,3,50524,2020-09-02 00:00:00
103030,F,4,3,41819,2020-09-15 00:00:00
103030,F,4,3,27739,2020-09-16 00:00:00
103032,F,40,15,321280,
103032,F,8,3,66964,2020-08-31 00:00:00
103032,F,8,3,80997,2020-09-15 00:00:00
103032,F,8,3,57398,2020-09-30 00:00:00
103033,F,2,1,90913,
103033,F,2,1,104503,2020-09-06 00:00:00
103035,M,3,2,50639,
103035,M,3,2,53206,2020-08-23 00:00:00
103035,M,3,2,47148,2020-08-30 00:00:00
103036,F,1,,82457,
103037,F,3,2,95464,
103037,F,6,4,154661,2020-08-30 00:00:00
103039,M,16,12,63163,
103039,M,8,6,107588,2020-08-27 00:00:00
103039,M,8,6,56056,2020-09-03 00:00:00
103039,M,16,12,189144,2020-09-20 00:00:00
103039,M,8,6,65863,2020-09-22 00:00:00
103039,M,8,6,89473,2020-09-27 00:00:00
103042,F,11,10,45199,
103042,F,22,20,170185,2020-08-30 00:00:00
103042,F,11,10,86761,2020-09-14 00:00:00
103042,F,11,10,73523,2020-09-16 00:00:00
103042,F,11,10,71088,2020-09-28 00:00:00
103042,F,11,10,44932,2021-03-28 00:00:00
103042,F,11,10,105963,2021-04-04 00:00:00
103042,F,22,20,115453,2021-04-24 00:00:00
103042,F,11,10,55832,2021-04-25 00:00:00
103043,F,18,14,105586,
103043,F,9,7,42976,2020-08-15 00:00:00
103043,F,9,7,81872,2020-08-17 00:00:00
103043,F,18,14,131012,2020-08-22 00:00:00
103043,F,18,14,201825,2020-08-24 00:00:00
103043,F,9,7,77740,2020-08-30 00:00:00
103044,F,3,2,65306,
103044,F,3,2,24454,2020-09-28 00:00:00
103044,F,3,2,22144,2021-05-10 00:00:00
103045,M,1,,56890,
103048,M,1,1,21647,2020-08-30 00:00:00
103049,F,1,,46120,
103050,M,1,,50841,
103052,M,8,8,166208,2020-08-30 00:00:00
103052,M,4,4,62144,2020-09-14 00:00:00
103052,M,4,4,54414,2020-09-24 00:00:00
103054,F,1,,58108,
103056,F,18,14,170349,
103056,F,9,7,87858,2020-08-22 00:00:00
103056,F,18,14,157859,2020-09-09 00:00:00
103056,F,18,14,55861,2020-09-14 00:00:00
103056,F,18,14,136167,2021-04-29 00:00:00
103057,M,1,1,101343,2021-04-09 00:00:00
103058,F,32,16,231904,
103058,F,8,4,101917,2020-08-16 00:00:00
103058,F,8,4,25798,2021-03-16 00:00:00
103058,F,16,8,158190,2021-04-30 00:00:00
103059,F,15,6,305139,
103059,F,5,2,35119,2020-08-24 00:00:00
103059,F,5,2,50046,2021-03-29 00:00:00
103060,F,1,,41262,
103061,F,1,,113726,
103064,F,8,4,139372,
103064,F,8,4,109719,2020-08-15 00:00:00
103065,F,1,,109611,
103066,M,10,10,27702,2020-08-18 00:00:00
103066,M,10,10,38172,2020-08-31 00:00:00
103066,M,10,10,83084,2020-09-16 00:00:00
103066,M,10,10,46973,2020-09-23 00:00:00
103066,M,20,20,109954,2020-09-30 00:00:00
103066,M,10,10,47533,2020-10-05 00:00:00
103066,M,10,10,102696,2021-04-09 00:00:00
103066,M,10,10,80108,2021-04-10 00:00:00
103066,M,10,10,92702,2021-04-15 00:00:00
103067,F,1,,86309,
103069,M,9,,272707,
103071,F,1,,90783,
103072,F,36,36,78791,2020-08-15 00:00:00
103072,F,72,72,114114,2020-08-17 00:00:00
103072,F,72,72,205000,2020-08-18 00:00:00
103072,F,36,36,28642,2020-08-20 00:00:00
103072,F,36,36,49195,2020-08-25 00:00:00
103072,F,252,252,455505,2020-09-02 00:00:00
103072,F,108,108,219905,2020-09-11 00:00:00
103072,F,396,396,558329,2020-09-12 00:00:00
103072,F,144,144,266812,2020-09-15 00:00:00
103072,F,72,72,127882,2020-09-16 00:00:00
103072,F,36,36,99873,2020-09-22 00:00:00
103072,F,36,36,62066,2020-09-25 00:00:00
103073,F,1,,47455,
103074,F,42,6,394817,
103074,F,7,1,113981,2021-05-07 00:00:00
103075,M,48,48,375584,2020-09-27 00:00:00
103075,M,8,8,72019,2021-04-14 00:00:00
103075,M,8,8,20809,2021-04-29 00:00:00
103076,F,4,,63379,
103077,F,12,8,154742,
103077,F,12,8,103805,2020-09-04 00:00:00
103077,F,6,4,89714,2021-04-05 00:00:00
103077,F,6,4,31161,2021-05-11 00:00:00
103078,F,1,,45543,
103079,M,1,,105283,
103081,F,1,1,45545,2021-05-10 00:00:00
103082,M,7,7,104576,2021-04-12 00:00:00
103082,M,7,7,101863,2021-04-13 00:00:00
103082,M,14,14,71705,2021-04-19 00:00:00
103082,M,7,7,74618,2021-05-04 00:00:00
103082,M,7,7,107742,2021-05-05 00:00:00
103082,M,7,7,42830,2021-05-06 00:00:00
103083,F,1,,102289,
103085,M,7,6,36355,
103085,M,7,6,45762,2020-08-13 00:00:00
103085,M,7,6,50634,2020-08-14 00:00:00
103085,M,7,6,73957,2020-08-17 00:00:00
103085,M,7,6,70180,2020-08-19 00:00:00
103085,M,7,6,110242,2020-08-20 00:00:00
103085,M,7,6,72028,2020-08-21 00:00:00
103086,F,4,3,55784,2020-09-02 00:00:00
103086,F,4,3,110077,2021-03-25 00:00:00
103086,F,4,3,31686,2021-05-09 00:00:00
103086,F,4,3,41918,2021-05-11 00:00:00
103090,F,4,,182650,
103092,F,4,,180439,
103094,F,1,,64688,
103097,M,1,,82853,
103098,F,9,8,89208,
103098,F,72,64,633633,2020-09-05 00:00:00
103100,M,12,8,65510,
103100,M,6,4,41977,2020-08-16 00:00:00
103100,M,6,4,114069,2020-08-18 00:00:00
103100,M,6,4,40786,2020-08-22 00:00:00
103100,M,6,4,30653,2020-09-01 00:00:00
103101,F,1,,92378,
103102,M,2,1,114058,
103102,M,2,1,50862,2021-03-10 00:00:00
103103,M,4,,82267,
103104,F,4,3,28735,
103104,F,12,9,294492,2020-09-19 00:00:00
103106,M,4,4,62203,2020-08-18 00:00:00
103106,M,4,4,78527,2020-09-03 00:00:00
103106,M,4,4,77246,2021-03-15 00:00:00
103106,M,4,4,28864,2021-03-16 00:00:00
103109,F,20,4,220325,
103109,F,5,1,63362,2020-08-19 00:00:00
103111,F,6,5,69786,
103111,F,12,10,115277,2021-03-16 00:00:00
103111,F,6,5,96240,2021-04-25 00:00:00
103111,F,6,5,94846,2021-05-01 00:00:00
103111,F,6,5,98432,2021-05-02 00:00:00
103112,F,1,,99631,
103113,F,9,,205458,
103116,F,1,,55463,
103119,F,1,,41434,
103120,M,1,,29591,
103121,M,1,,105332,
103122,M,1,1,35876,2020-08-15 00:00:00
103123,M,4,,129458,
103128,F,6,5,35182,
103128,F,12,10,141750,2020-09-05 00:00:00
103128,F,18,15,177608,2020-09-06 00:00:00
103129,M,1,,112747,
103130,F,1,,73291,
103131,F,9,,145018,
103135,F,15,6,218375,
103135,F,5,2,29977,2020-08-12 00:00:00
103135,F,5,2,88694,2020-09-24 00:00:00
103142,F,4,,166844,
103143,F,3,2,114151,
103143,F,6,4,85091,2020-08-14 00:00:00
103144,M,1,,36798,
103145,M,1,,101157,
103146,F,6,6,100240,2020-09-10 00:00:00
103146,F,6,6,77850,2020-09-11 00:00:00
103146,F,6,6,34931,2020-09-14 00:00:00
103146,F,6,6,41170,2020-09-15 00:00:00
103146,F,6,6,97914,2020-09-20 00:00:00
103146,F,6,6,60718,2020-09-21 00:00:00
103152,M,21,21,259039,2020-08-30 00:00:00
103152,M,28,28,237212,2020-09-20 00:00:00
103154,M,100,100,224034,2020-08-25 00:00:00
103154,M,20,20,109624,2020-08-26 00:00:00
103154,M,20,20,111383,2021-03-11 00:00:00
103154,M,40,40,127060,2021-03-19 00:00:00
103154,M,60,60,247980,2021-03-20 00:00:00
103154,M,20,20,78747,2021-03-21 00:00:00
103154,M,20,20,111419,2021-03-23 00:00:00
103154,M,40,40,101586,2021-05-04 00:00:00
103154,M,60,60,214105,2021-05-06 00:00:00
103154,M,20,20,102996,2021-05-08 00:00:00
103156,F,2,1,62945,
103156,F,2,1,88144,2020-08-27 00:00:00
103157,M,9,,122147,
104134,M,8,4,107362,
104134,M,4,2,98794,2021-04-23 00:00:00
104134,M,4,2,110676,2021-05-10 00:00:00
104135,M,9,,283257,
105692,M,9,9,91247,2020-09-28 00:00:00
105694,M,8,8,32933,2020-09-10 00:00:00
105694,M,16,16,137102,2020-09-23 00:00:00
105694,M,8,8,96101,2020-09-24 00:00:00
105694,M,16,16,143152,2020-09-26 00:00:00
105694,M,8,8,85492,2020-09-27 00:00:00
105694,M,8,8,55761,2020-09-28 00:00:00
105695,M,2,1,59929,
105695,M,2,1,25287,2021-04-27 00:00:00
105696,M,2,1,35044,
105696,M,2,1,59551,2021-05-03 00:00:00
105702,F,24,8,310923,
105702,F,6,2,22083,2020-08-18 00:00:00
105702,F,6,2,78126,2020-09-22 00:00:00
105705,M,25,,271785,
105706,F,9,,242822,
105708,M,10,6,129013,
105708,M,5,3,98573,2021-04-29 00:00:00
105708,M,10,6,80104,2021-04-30 00:00:00
105709,M,12,3,186527,
105709,M,4,1,93669,2020-09-23 00:00:00
105711,M,1,,36359,
148427,M,56,40,298084,
148427,M,14,10,56805,2021-04-13 00:00:00
148427,M,28,20,120841,2021-04-14 00:00:00
148427,M,14,10,23285,2021-04-20 00:00:00
148427,M,14,10,81637,2021-04-26 00:00:00
148427,M,28,20,184965,2021-04-27 00:00:00
148427,M,28,20,129452,2021-04-30 00:00:00
148427,M,14,10,63382,2021-05-07 00:00:00
148430,M,1,1,114932,2021-05-03 00:00:00
148433,M,4,4,26556,2021-03-09 00:00:00
148433,M,4,4,87299,2021-03-13 00:00:00
148433,M,4,4,112373,2021-04-22 00:00:00
148433,M,4,4,93175,2021-04-23 00:00:00
148439,F,18,9,184766,
148439,F,6,3,64862,2021-04-13 00:00:00
148439,F,6,3,111075,2021-04-26 00:00:00
148439,F,6,3,94519,2021-05-03 00:00:00
148445,M,2,2,49297,2021-03-31 00:00:00
148445,M,2,2,53430,2021-04-21 00:00:00
148460,M,1,1,56090,2021-05-07 00:00:00
148461,F,1,,48666,2021-05-11 00:00:00
148465,F,5,4,48230,
148465,F,5,4,24779,2021-03-10 00:00:00
148465,F,5,4,37601,2021-03-15 00:00:00
148465,F,5,4,70059,2021-04-06 00:00:00
148465,F,5,4,50430,2021-04-19 00:00:00
148470,F,1,,94051,
148472,M,1,,36577,
148477,M,2,1,45803,
148477,M,2,1,27011,2021-03-17 00:00:00
148488,M,1,,43359,
148489,M,1,,19262,
148497,M,1,1,43101,2021-05-03 00:00:00
148507,M,18,9,247348,
148507,M,6,3,62618,2021-03-09 00:00:00
148507,M,6,3,28509,2021-03-11 00:00:00
148507,M,6,3,83333,2021-03-15 00:00:00
148514,M,1,,44593,
148516,F,1,,106774,
148520,M,1,1,56316,2021-04-01 00:00:00
148521,F,1,,42609,
148525,F,4,4,128151,2021-04-29 00:00:00
148528,,2,,107788,
148528,,2,,41848,2021-05-11 00:00:00
148529,F,1,,63477,
148530,M,1,1,56570,2021-04-12 00:00:00
148536,F,2,1,95688,
148536,F,2,1,101194,2021-03-16 00:00:00
148543,M,3,2,54113,
148543,M,3,2,52622,2021-04-26 00:00:00
148543,M,3,2,97786,2021-05-10 00:00:00
148545,M,1,,19633,
148551,M,1,,105570,
148559,M,10,10,160724,2021-03-29 00:00:00
148559,M,15,15,230383,2021-04-04 00:00:00
148565,F,1,1,73661,2021-05-06 00:00:00
148571,F,1,1,67766,2021-05-04 00:00:00
148583,M,1,1,71664,2021-04-12 00:00:00
148584,M,2,2,84868,2021-05-03 00:00:00
148584,M,2,2,29122,2021-05-05 00:00:00
148586,M,4,4,222905,2021-05-07 00:00:00
148595,M,5,5,46926,2021-03-23 00:00:00
148595,M,5,5,105368,2021-03-24 00:00:00
148595,M,10,10,84596,2021-03-25 00:00:00
148595,M,5,5,92935,2021-03-26 00:00:00
148600,F,1,,34038,
148608,M,2,1,101828,
148608,M,2,1,93701,2021-04-21 00:00:00
148610,M,1,,22651,
148613,M,1,,105055,
148617,M,6,6,142975,2021-04-27 00:00:00
148617,M,3,3,95976,2021-04-29 00:00:00
148618,F,1,1,73635,2021-05-06 00:00:00
148619,M,1,1,57846,2021-03-29 00:00:00
148623,M,1,,36190,
148626,M,1,,100152,
148628,M,1,1,39000,2021-04-15 00:00:00
148645,M,1,1,92799,2021-03-12 00:00:00
148650,M,1,1,71943,2021-03-15 00:00:00
148651,M,16,,146032,
148662,F,2,1,35972,
148662,F,2,1,71681,2021-04-12 00:00:00
148663,M,1,1,21994,2021-04-12 00:00:00
148674,M,1,1,76558,2021-04-28 00:00:00
148676,F,1,,34061,
148683,M,1,,92791,
148685,M,2,1,105571,
148685,M,2,1,41430,2021-05-07 00:00:00
148687,F,3,2,29992,
148687,F,6,4,187821,2021-04-01 00:00:00
148696,F,1,,77327,
148704,F,1,1,113638,2021-04-20 00:00:00
148716,F,1,,20561,
148725,F,1,1,85229,2021-04-03 00:00:00
148895,M,8,4,91849,
148895,M,8,4,192461,2021-05-10 00:00:00
148898,F,1,,40836,
148907,M,1,1,94006,2021-03-11 00:00:00
148910,M,1,,21599,
148911,F,4,4,32212,2021-03-19 00:00:00
148911,F,12,12,259905,2021-04-13 00:00:00
148914,M,3,3,54347,2021-03-30 00:00:00
148914,M,3,3,53336,2021-04-01 00:00:00
148914,M,3,3,73539,2021-04-12 00:00:00
148919,F,18,14,128098,
148919,F,27,21,205184,2021-03-16 00:00:00
148919,F,9,7,106445,2021-03-20 00:00:00
148919,F,27,21,255550,2021-04-11 00:00:00
148921,M,4,4,144066,2021-04-30 00:00:00
148925,M,1,1,21823,2021-04-21 00:00:00
148928,M,1,,96336,
148929,F,5,5,101754,2021-04-12 00:00:00
148929,F,5,5,111113,2021-04-13 00:00:00
148929,F,5,5,39867,2021-04-15 00:00:00
148929,F,10,10,129167,2021-04-21 00:00:00
148939,F,1,,39459,
148949,F,1,,28426,
148952,M,2,1,46018,
148952,M,2,1,67285,2021-03-16 00:00:00
148953,F,5,5,82749,2021-04-08 00:00:00
148953,F,5,5,112778,2021-04-09 00:00:00
148953,F,5,5,35016,2021-04-12 00:00:00
148953,F,5,5,103717,2021-04-21 00:00:00
148953,F,5,5,44100,2021-04-22 00:00:00
148958,M,2,1,51909,
148958,M,2,1,75161,2021-03-24 00:00:00
148963,M,1,,81248,
148964,M,1,,33421,
148968,M,4,4,151887,2021-03-18 00:00:00
148970,M,7,6,43534,
148970,M,7,6,56348,2021-03-09 00:00:00
148970,M,7,6,95595,2021-03-10 00:00:00
148970,M,21,18,159311,2021-03-11 00:00:00
148970,M,7,6,90512,2021-03-22 00:00:00
148972,M,1,,92434,
148976,M,2,1,81960,
148976,M,2,1,72754,2021-03-12 00:00:00
148986,F,1,,92983,
148995,M,1,,90052,
148996,F,3,2,88445,
148996,F,6,4,146555,2021-04-08 00:00:00
149006,F,25,25,409614,2021-03-16 00:00:00
149015,M,1,,21576,
149017,M,1,,68638,
149019,F,1,,44106,
149021,F,2,1,71715,
149021,F,2,1,19338,2021-04-29 00:00:00
149022,M,1,1,112925,2021-03-11 00:00:00
149023,F,2,2,112565,2021-03-23 00:00:00
149023,F,2,2,77384,2021-03-24 00:00:00
149025,M,1,,34162,
149033,M,1,1,95514,2021-05-04 00:00:00
149034,M,3,2,51167,
149034,M,6,4,122646,2021-03-10 00:00:00
149035,F,1,,53871,
149047,F,9,,240054,
149062,M,1,,68757,
149078,M,1,,58701,
149081,M,1,,90585,
149091,F,3,3,28335,2021-03-16 00:00:00
149091,F,6,6,112084,2021-03-18 00:00:00
149096,M,1,,38918,
149103,F,2,1,79540,
149103,F,2,1,86359,2021-03-30 00:00:00
149110,M,2,2,59097,2021-03-09 00:00:00
149110,M,2,2,103951,2021-03-10 00:00:00
149111,M,1,,51168,
149114,M,20,20,307626,2021-04-28 00:00:00
149114,M,5,5,72053,2021-04-30 00:00:00
149127,F,2,1,29946,
149127,F,2,1,66609,2021-03-29 00:00:00
149131,F,2,1,82660,
149131,F,2,1,34098,2021-05-04 00:00:00
149132,F,3,2,21675,
149132,F,3,2,92933,2021-03-12 00:00:00
149132,F,3,2,67343,2021-03-30 00:00:00
149147,M,3,2,47374,
149147,M,3,2,42353,2021-03-20 00:00:00
149147,M,3,2,43169,2021-04-20 00:00:00
149151,F,10,6,136191,
149151,F,5,3,86553,2021-03-11 00:00:00
149151,F,5,3,102361,2021-03-13 00:00:00
149151,F,5,3,25965,2021-04-11 00:00:00
149154,M,1,1,96781,2021-03-31 00:00:00
149157,M,1,,105842,
149159,M,1,,49378,
149160,F,1,,35156,
149164,F,2,1,56694,
149164,F,2,1,97829,2021-03-18 00:00:00
149166,M,1,,102802,
149171,M,1,,64324,
149190,M,1,,57225,
149191,F,8,4,112424,
149191,F,4,2,31817,2021-04-12 00:00:00
149191,F,4,2,50740,2021-05-05 00:00:00
149192,M,2,2,103769,2021-03-17 00:00:00
149192,M,2,2,114057,2021-03-18 00:00:00
149197,M,1,1,25043,2021-04-30 00:00:00
149201,F,8,4,95147,
149201,F,4,2,89712,2021-04-25 00:00:00
149201,F,4,2,78375,2021-05-04 00:00:00
149202,F,1,1,41419,2021-03-30 00:00:00
149204,M,5,5,62713,2021-03-09 00:00:00
149204,M,5,5,33501,2021-03-11 00:00:00
149204,M,10,10,126153,2021-04-06 00:00:00
149204,M,5,5,30578,2021-04-13 00:00:00
149207,M,18,9,318239,
149207,M,6,3,31678,2021-03-17 00:00:00
149207,M,6,3,57127,2021-03-19 00:00:00
149207,M,6,3,29665,2021-03-25 00:00:00
149210,F,4,4,145304,2021-03-10 00:00:00
149218,M,2,1,44513,
149218,M,2,1,38293,2021-04-06 00:00:00
149223,F,1,,44218,
149225,F,2,2,96110,2021-04-28 00:00:00
149225,F,2,2,34746,2021-05-04 00:00:00
149230,F,2,2,19478,2021-03-19 00:00:00
149230,F,2,2,38989,2021-03-26 00:00:00
149236,M,1,,107273,
149239,F,1,1,54766,2021-04-27 00:00:00
149257,F,2,1,67675,
149257,F,2,1,39186,2021-04-27 00:00:00
149264,M,1,,111017,
149265,M,2,1,30846,
149265,M,2,1,105926,2021-03-11 00:00:00
149269,M,1,,65338,
149270,M,10,10,206318,2021-04-21 00:00:00
149270,M,15,15,214532,2021-05-06 00:00:00
149280,F,1,,105292,
149281,M,2,1,111261,
149281,M,2,1,88503,2021-05-04 00:00:00
149295,M,1,,49457,
149296,M,1,,100233,
149297,M,2,1,88342,
149297,M,2,1,87150,2021-04-27 00:00:00
149301,F,1,,83865,
149316,F,1,,21235,
149320,M,1,1,76497,2021-04-30 00:00:00
149324,F,1,,80463,
149333,M,1,,60347,
149350,M,1,,107311,
149358,F,520,120,1267722,
149358,F,26,6,55370,2021-03-11 00:00:00
149358,F,26,6,75217,2021-03-23 00:00:00
149358,F,52,12,53401,2021-03-24 00:00:00
149358,F,52,12,152079,2021-04-17 00:00:00
149359,F,1,1,52015,2021-04-26 00:00:00
149361,M,1,,97979,
149362,F,1,,72116,
149365,F,4,,82324,
149395,M,1,,42273,
149402,M,1,1,36295,2021-04-03 00:00:00
149415,F,2,1,94178,
149415,F,2,1,73211,2021-05-11 00:00:00
149418,M,1,,77377,
149419,M,4,,143899,
149425,M,1,1,70729,2021-03-17 00:00:00
149427,M,2,1,102323,
149427,M,2,1,25350,2021-05-07 00:00:00
149428,M,1,1,21169,2021-04-28 00:00:00
149436,F,9,,212549,
149446,F,4,4,162492,2021-04-20 00:00:00
149453,M,2,1,66967,
149453,M,2,1,20372,2021-05-05 00:00:00
149456,M,2,1,84982,
149456,M,2,1,96166,2021-03-17 00:00:00
149460,M,1,,79982,
149462,M,1,,40329,
149463,M,1,,82437,
149486,F,1,1,92615,2021-03-11 00:00:00
149493,F,1,,91133,
149500,M,1,,30408,
149511,M,1,1,91001,2021-04-26 00:00:00
149528,M,1,,54383,
149529,M,1,1,49535,2021-03-27 00:00:00
149537,M,28,12,362662,
149537,M,14,6,193915,2021-03-13 00:00:00
149537,M,7,3,29089,2021-05-04 00:00:00
149545,M,1,,71865,
149548,F,10,10,118544,2021-03-09 00:00:00
149548,F,5,5,84636,2021-03-10 00:00:00
149548,F,10,10,185212,2021-03-24 00:00:00
149550,F,1,,85591,
149559,F,1,1,114855,2021-04-29 00:00:00
149566,F,1,,90364,
149572,F,1,,86266,
149574,F,1,1,30536,2021-03-12 00:00:00
149579,F,2,2,22311,2021-04-15 00:00:00
149579,F,2,2,20358,2021-04-22 00:00:00
149584,M,1,,106395,
149590,M,4,4,157317,2021-03-10 00:00:00
149593,M,2,1,54440,
149593,M,2,1,22428,2021-04-21 00:00:00
149594,F,1,1,32318,2021-03-10 00:00:00
149595,M,2,2,75685,2021-03-30 00:00:00
149595,M,2,2,85600,2021-04-01 00:00:00
149598,M,1,1,70853,2021-04-06 00:00:00
149601,M,1,1,65307,2021-03-11 00:00:00
149606,F,4,,106478,
149616,M,6,2,149588,
149616,M,3,1,49776,2021-03-08 00:00:00
149630,M,1,,92031,
149631,F,4,3,48131,
149631,F,8,6,134870,2021-04-28 00:00:00
149631,F,4,3,25808,2021-04-30 00:00:00
149632,M,15,15,171135,2021-05-05 00:00:00
149632,M,5,5,66937,2021-05-06 00:00:00
149632,M,5,5,64691,2021-05-07 00:00:00
149634,M,2,2,103868,2021-04-27 00:00:00
149634,M,2,2,55565,2021-05-07 00:00:00
149635,M,1,1,69691,2021-03-09 00:00:00
149642,F,1,,64539,
149648,M,1,,51336,
149651,M,1,,29370,
149657,M,1,,100415,
149667,F,8,4,180001,
149667,F,8,4,175996,2021-04-06 00:00:00
149754,M,4,3,27350,
149754,M,4,3,74541,2021-03-08 00:00:00
149754,M,8,6,205593,2021-03-10 00:00:00
149767,F,1,,56255,
149774,F,4,4,196593,2021-03-19 00:00:00
149784,M,1,1,58941,2021-03-16 00:00:00
149790,M,1,,39809,
149796,F,1,,65587,
149803,F,2,1,75583,
149803,F,2,1,90828,2021-03-22 00:00:00
149827,M,3,2,23805,
149827,M,6,4,208768,2021-04-07 00:00:00
149829,F,14,10,180506,
149829,F,7,5,67991,2021-03-11 00:00:00
149829,F,14,10,87379,2021-03-30 00:00:00
149829,F,7,5,54347,2021-04-01 00:00:00
149829,F,7,5,88404,2021-04-04 00:00:00
149830,F,2,2,109635,2021-05-10 00:00:00
149830,F,2,2,46120,2021-05-11 00:00:00
149840,M,2,1,26728,
149840,M,2,1,59073,2021-03-16 00:00:00
149851,F,2,2,52624,2021-04-15 00:00:00
149851,F,2,2,102531,2021-04-19 00:00:00
149853,M,6,2,155668,
149853,M,3,1,55830,2021-03-16 00:00:00
149854,F,1,,36869,
149857,M,1,,67894,
149861,F,1,,23982,
149864,F,1,,36660,
149875,M,2,1,88944,
149875,M,2,1,52887,2021-03-15 00:00:00
149879,M,1,,105553,
149880,M,1,1,59601,2021-03-11 00:00:00
149882,M,1,,96742,
149887,F,1,,70268,
149902,F,7,7,75246,2021-03-16 00:00:00
149902,F,7,7,101621,2021-03-26 00:00:00
149902,F,7,7,112488,2021-04-08 00:00:00
149902,F,7,7,62907,2021-04-09 00:00:00
149902,F,7,7,24504,2021-04-16 00:00:00
149902,F,7,7,46561,2021-04-22 00:00:00
149902,F,7,7,100133,2021-04-30 00:00:00
149913,M,8,8,200883,2021-04-30 00:00:00
149913,M,4,4,101556,2021-05-07 00:00:00
149913,M,4,4,113645,2021-05-10 00:00:00
149917,F,1,,52846,
149919,M,10,10,116517,2021-03-14 00:00:00
149919,M,5,5,96752,2021-03-21 00:00:00
149919,M,10,10,150126,2021-03-28 00:00:00
149940,F,4,4,80150,2021-03-29 00:00:00
149961,F,4,,203578,
149971,M,3,2,108139,
149971,M,6,4,175609,2021-05-11 00:00:00
149984,F,9,,232642,
149988,M,2,1,71859,
149988,M,2,1,103359,2021-05-10 00:00:00
149994,F,1,,44848,
149998,M,1,,33454,
150001,F,1,1,47645,2021-03-22 00:00:00
150002,M,2,1,23775,
150002,M,2,1,75585,2021-04-05 00:00:00
150022,M,1,,95367,
150036,F,2,2,52547,2021-03-10 00:00:00
150036,F,2,2,30508,2021-04-20 00:00:00
150082,F,4,4,94879,2021-03-09 00:00:00
150082,F,4,4,28001,2021-03-11 00:00:00
150082,F,4,4,48528,2021-03-16 00:00:00
150082,F,4,4,33138,2021-03-19 00:00:00
150092,F,1,,25486,
150100,M,1,,78452,
150102,M,2,2,103862,2021-03-12 00:00:00
150102,M,2,2,81771,2021-03-20 00:00:00
150104,F,1,,35744,
150112,F,2,1,64970,
150112,F,2,1,73765,2021-04-09 00:00:00
150116,F,1,1,88045,2021-03-10 00:00:00
150117,F,1,,36485,
150118,F,1,1,77195,2021-03-11 00:00:00
150123,F,2,1,84727,
150123,F,2,1,101180,2021-04-02 00:00:00
150124,M,4,4,131868,2021-03-18 00:00:00
150132,M,1,,78385,
150136,F,1,1,65720,2021-03-29 00:00:00
150144,F,1,,29871,
150146,F,8,4,168454,
150146,F,8,4,69073,2021-04-07 00:00:00
150151,F,1,,88287,
150152,F,35,10,367541,
150152,F,7,2,110333,2021-05-03 00:00:00
150152,F,7,2,31598,2021-05-05 00:00:00
150154,M,4,4,71710,2021-03-11 00:00:00
150168,M,1,1,38201,2021-05-04 00:00:00
150170,F,1,,94247,
150181,F,6,2,144911,
150181,F,3,1,110242,2021-04-14 00:00:00
150204,F,7,7,54820,2021-04-23 00:00:00
150204,F,7,7,25386,2021-04-27 00:00:00
150204,F,21,21,172854,2021-05-02 00:00:00
150204,F,14,14,188351,2021-05-05 00:00:00
150302,F,2,1,22422,
150302,F,2,1,106300,2021-03-30 00:00:00
150306,F,10,6,114244,
150306,F,5,3,40926,2021-04-06 00:00:00
150306,F,10,6,136462,2021-05-04 00:00:00
150313,M,2,1,100639,
150313,M,2,1,69294,2021-05-04 00:00:00
150316,F,6,6,168193,2021-04-15 00:00:00
150316,F,3,3,113603,2021-04-23 00:00:00
150318,F,1,,69813,
150319,F,4,4,114089,2021-04-05 00:00:00
150323,M,6,2,82372,
150323,M,3,1,110876,2021-04-05 00:00:00
150326,M,5,5,23014,2021-03-08 00:00:00
150326,M,5,5,37727,2021-03-15 00:00:00
150326,M,15,15,217940,2021-03-29 00:00:00
150329,M,1,1,92170,2021-05-11 00:00:00
150331,M,1,1,39390,2021-03-10 00:00:00
150342,M,1,1,40948,2021-03-10 00:00:00
150356,F,5,5,51537,2021-03-08 00:00:00
150356,F,5,5,49441,2021-03-09 00:00:00
150356,F,5,5,78621,2021-03-17 00:00:00
150356,F,5,5,60193,2021-04-28 00:00:00
150356,F,5,5,87662,2021-05-06 00:00:00
150360,M,1,,77323,
150367,M,1,,23493,
150369,M,1,1,86196,2021-05-10 00:00:00
150374,M,1,,19952,
150376,M,2,1,108834,
150376,M,2,1,68127,2021-03-16 00:00:00
150378,M,2,2,41104,2021-04-22 00:00:00
150378,M,2,2,83855,2021-04-23 00:00:00
150380,M,2,1,59449,
150380,M,2,1,30057,2021-04-12 00:00:00
150384,M,4,4,50088,2021-03-09 00:00:00
150384,M,8,8,186946,2021-03-16 00:00:00
150384,M,4,4,106591,2021-03-18 00:00:00
150390,F,4,4,135571,2021-04-12 00:00:00
150393,F,1,,90896,
150402,M,1,,21068,
150412,M,2,1,91528,
150412,M,2,1,22957,2021-04-15 00:00:00
150416,M,9,9,136415,2021-04-03 00:00:00
150418,M,1,,78282,
150428,M,1,,85760,
150437,F,3,2,98243,
150437,F,6,4,168843,2021-03-18 00:00:00
150447,M,6,4,143993,2021-05-10 00:00:00
150447,M,3,2,115035,2021-05-11 00:00:00
150453,M,3,2,74865,
150453,M,3,2,51752,2021-03-11 00:00:00
150453,M,3,2,37219,2021-03-24 00:00:00
150458,F,3,2,75340,
150458,F,6,4,163352,2021-05-01 00:00:00
150466,M,1,,79119,
150470,M,4,4,206553,2021-04-21 00:00:00
150471,M,9,,147971,
150478,M,3,2,72924,
150478,M,6,4,207504,2021-05-05 00:00:00
150483,M,1,,108256,
150491,M,2,2,69100,2021-03-12 00:00:00
150491,M,2,2,40119,2021-04-13 00:00:00
150492,M,1,,46285,
150499,F,12,8,117571,
150499,F,6,4,59361,2021-03-16 00:00:00
150499,F,6,4,63634,2021-03-18 00:00:00
150499,F,6,4,19896,2021-03-21 00:00:00
150499,F,6,4,103917,2021-04-03 00:00:00
150501,M,2,2,95618,2021-04-12 00:00:00
150501,M,2,2,78126,2021-04-13 00:00:00
150504,M,4,4,105028,2021-03-11 00:00:00
150504,M,4,4,94979,2021-03-18 00:00:00
150504,M,4,4,65497,2021-03-29 00:00:00
150504,M,4,4,21507,2021-04-12 00:00:00
150505,M,1,1,25471,2021-03-28 00:00:00
150508,M,1,,24666,
150509,F,1,,22870,
150510,F,2,2,64695,2021-04-14 00:00:00
150510,F,2,2,57116,2021-04-16 00:00:00
150512,F,1,,69726,
150515,M,9,,228351,
150517,M,1,1,55564,2021-04-14 00:00:00
150518,M,1,,51938,
150519,M,1,,51235,
150522,F,1,,80855,
150527,F,1,,73642,
150528,M,1,,71505,
150547,M,1,,90210,
150549,M,4,,145312,
150557,M,2,1,110143,
150557,M,2,1,20111,2021-05-05 00:00:00
150559,M,1,,75016,
150561,M,1,,57517,
150562,M,8,4,136562,
150562,M,4,2,109041,2021-03-19 00:00:00
150562,M,4,2,103474,2021-04-13 00:00:00
150565,M,1,,44557,
150566,M,12,3,291728,
150566,M,4,1,63392,2021-04-26 00:00:00
150567,M,3,2,63896,
150567,M,3,2,98325,2021-03-17 00:00:00
150567,M,3,2,38813,2021-03-29 00:00:00
150568,M,1,1,92482,2021-04-22 00:00:00
150576,M,1,,96169,
150579,F,9,,244260,
150582,F,2,1,28664,
150582,F,2,1,89165,2021-03-10 00:00:00
150583,M,1,,25267,
150585,F,1,,90585,
150587,M,1,,77263,
150598,M,1,1,32531,2021-03-19 00:00:00
150599,M,1,,44436,
150602,M,1,,56481,
150603,M,1,,25603,
150616,M,1,,28576,
150635,F,2,1,58345,
150635,F,2,1,73776,2021-05-05 00:00:00
150647,F,12,12,189755,2021-04-29 00:00:00
150647,F,4,4,86230,2021-04-30 00:00:00
150655,F,2,1,110095,
150655,F,2,1,101114,2021-04-06 00:00:00
150658,M,1,,29717,
150660,F,2,2,42303,2021-03-11 00:00:00
150660,F,2,2,108617,2021-04-12 00:00:00
150667,F,1,,48967,
150668,M,1,,112983,
150672,M,1,,90923,
150686,M,1,1,19773,2021-03-11 00:00:00
150691,M,1,,41469,
150694,F,3,2,71493,
150694,F,3,2,52854,2021-03-09 00:00:00
150694,F,3,2,69326,2021-03-18 00:00:00
150703,M,8,7,74196,
150703,M,40,35,372083,2021-03-13 00:00:00
150703,M,16,14,105912,2021-03-29 00:00:00
150705,M,1,1,62015,2021-04-22 00:00:00
150706,M,2,1,34027,
150706,M,2,1,113359,2021-04-09 00:00:00
150709,F,1,,96814,
150730,M,1,,82397,
150735,F,1,,23550,
150739,M,1,1,99827,2021-03-24 00:00:00
150742,M,4,,143807,
150746,M,12,12,194013,2021-03-09 00:00:00
150746,M,6,6,39882,2021-03-11 00:00:00
150746,M,6,6,98088,2021-03-12 00:00:00
150746,M,6,6,90733,2021-03-16 00:00:00
150746,M,6,6,71930,2021-03-18 00:00:00
150751,M,1,,104826,
150754,F,4,,106806,
150764,F,1,,88504,
150769,M,3,2,80895,
150769,M,6,4,147241,2021-05-08 00:00:00
150774,F,6,6,180074,2021-03-09 00:00:00
150774,F,3,3,66163,2021-04-14 00:00:00
150775,M,3,3,45265,2021-03-13 00:00:00
150775,M,3,3,96552,2021-03-15 00:00:00
150775,M,3,3,76599,2021-03-25 00:00:00
150778,M,1,,38646,
150786,M,2,1,74136,
150786,M,2,1,43057,2021-04-13 00:00:00
150787,M,4,,146815,
150789,M,1,,67349,
150791,M,1,,110790,
150792,M,1,,66974,
150795,M,1,,42945,
150797,M,1,,89192,
150800,M,1,,110565,
150805,F,1,,66882,
150807,M,1,,55233,
150809,M,4,4,98642,2021-03-26 00:00:00
150809,M,4,4,46819,2021-03-29 00:00:00
150809,M,4,4,58943,2021-03-30 00:00:00
150809,M,4,4,29190,2021-04-06 00:00:00
150811,M,2,2,89922,2021-04-20 00:00:00
150811,M,2,2,33153,2021-04-29 00:00:00
150813,F,1,1,112413,2021-05-03 00:00:00
150816,M,1,1,30626,2021-03-29 00:00:00
150823,M,1,,78088,
150824,F,1,1,77082,2021-04-06 00:00:00
150827,F,3,2,49336,
150827,F,6,4,96330,2021-04-13 00:00:00
150830,F,1,,111298,
150833,F,1,,55080,
150835,M,1,,85384,
150837,M,1,,78319,
150838,M,4,,136066,
150840,M,1,,34773,
150843,M,1,1,25413,2021-04-26 00:00:00
150849,F,2,1,25665,
150849,F,2,1,79400,2021-04-21 00:00:00
150853,M,2,1,31274,
150853,M,2,1,55703,2021-04-12 00:00:00
150858,M,1,,79869,
150859,M,20,4,203332,
150859,M,5,1,30722,2021-04-08 00:00:00
150868,F,1,1,62204,2021-04-19 00:00:00
150875,M,1,,69143,
150884,M,1,,110222,
150886,M,1,,64331,
150890,M,2,2,34794,2021-03-11 00:00:00
150890,M,2,2,111315,2021-04-15 00:00:00
150891,M,1,1,62501,2021-04-06 00:00:00
150900,F,3,2,24523,
150900,F,6,4,122822,2021-04-13 00:00:00
150905,F,1,1,24361,2021-03-23 00:00:00
150906,M,5,4,45796,
150906,M,5,4,84169,2021-04-15 00:00:00
150906,M,5,4,100548,2021-04-19 00:00:00
150906,M,5,4,75842,2021-05-06 00:00:00
150906,M,5,4,61664,2021-05-07 00:00:00
150914,M,1,1,74887,2021-04-07 00:00:00
150923,F,24,15,211019,
150923,F,8,5,76250,2021-03-17 00:00:00
150923,F,8,5,78817,2021-04-06 00:00:00
150923,F,8,5,22566,2021-04-10 00:00:00
150923,F,16,10,184639,2021-04-20 00:00:00
150924,F,4,,117682,
150926,M,6,5,112865,
150926,M,18,15,241336,2021-04-14 00:00:00
150926,M,12,10,198505,2021-05-02 00:00:00
150927,M,4,4,113685,2021-04-13 00:00:00
150931,F,1,1,70060,2021-04-11 00:00:00
150932,F,1,,22066,
150937,M,1,1,48871,2021-03-11 00:00:00
150939,M,1,,88050,
150946,M,1,,66842,
150948,F,1,1,98700,2021-05-05 00:00:00
150952,F,1,1,33726,2021-05-11 00:00:00
150953,F,1,,71287,
150954,F,1,1,67517,2021-05-06 00:00:00
150956,M,1,,113193,
150959,M,1,1,72615,2021-05-02 00:00:00
150970,F,1,,32293,
150974,F,4,,143943,
150980,M,1,1,38923,2021-05-05 00:00:00
150984,M,1,,58459,
150986,F,1,,46967,
150990,F,5,4,59146,
150990,F,5,4,25959,2021-04-19 00:00:00
150990,F,5,4,20434,2021-04-20 00:00:00
150990,F,5,4,71155,2021-04-21 00:00:00
150990,F,5,4,80950,2021-04-22 00:00:00
150994,F,1,,100260,
151006,F,1,1,86520,2021-04-19 00:00:00
151009,M,4,4,60568,2021-03-10 00:00:00
151010,F,1,,90126,
151012,F,1,,26992,
151014,M,1,,71664,
151017,F,1,,95600,
151019,F,1,1,51949,2021-04-01 00:00:00
151023,F,4,3,43800,
151023,F,8,6,116123,2021-05-03 00:00:00
151023,F,4,3,34822,2021-05-06 00:00:00
151058,F,1,,74188,
151059,F,1,1,65599,2021-05-11 00:00:00
151064,M,6,5,75957,
151064,M,6,5,60052,2021-03-12 00:00:00
151064,M,6,5,77726,2021-04-07 00:00:00
151064,M,12,10,127955,2021-04-12 00:00:00
151064,M,6,5,22619,2021-04-13 00:00:00
151075,M,2,1,87046,
151075,M,2,1,111699,2021-05-11 00:00:00
151078,F,1,,48553,
151081,M,2,1,66269,
151081,M,2,1,114572,2021-05-11 00:00:00
151091,M,2,1,76339,
151091,M,2,1,83808,2021-05-11 00:00:00
151101,M,4,,202871,
151118,M,1,,74629,
151122,M,1,,114495,
151125,M,4,,205911,
151137,M,1,,31509,
151138,M,1,1,82336,2021-05-09 00:00:00
151145,M,1,,87872,
151147,F,4,,97804,
151149,M,1,1,88532,2021-05-09 00:00:00
151152,M,4,,59877,
151156,M,1,1,35137,2021-04-24 00:00:00
151158,M,2,2,21723,2021-04-10 00:00:00
151158,M,2,2,75730,2021-05-01 00:00:00
151161,F,2,2,22974,2021-03-23 00:00:00
151161,F,2,2,28132,2021-04-13 00:00:00
151165,M,10,6,128833,
151165,M,5,3,26256,2021-03-11 00:00:00
151165,M,5,3,103975,2021-03-13 00:00:00
151165,M,5,3,60908,2021-03-14 00:00:00
151167,M,6,2,119852,
151167,M,3,1,30492,2021-03-28 00:00:00
151168,M,1,,92154,
151170,M,4,3,42626,
151170,M,4,3,25558,2021-04-21 00:00:00
151170,M,4,3,111139,2021-04-25 00:00:00
151170,M,4,3,113816,2021-05-01 00:00:00
151171,M,1,,114722,
151172,M,1,,60800,
151173,F,3,3,45917,2021-03-22 00:00:00
151173,F,3,3,110379,2021-03-29 00:00:00
151173,F,3,3,58028,2021-05-01 00:00:00
151176,M,4,,104116,
151181,M,12,12,193395,2021-04-14 00:00:00
151181,M,6,6,72738,2021-04-26 00:00:00
151181,M,6,6,55361,2021-05-03 00:00:00
151181,M,6,6,49219,2021-05-10 00:00:00
151181,M,6,6,67121,2021-05-11 00:00:00
151183,M,1,,32140,
151186,M,1,,107525,
151187,M,16,,248421,
151189,M,1,,31290,
151190,M,1,1,24008,2021-03-09 00:00:00
151191,F,1,1,55648,2021-03-22 00:00:00
151194,M,1,1,102929,2021-03-11 00:00:00
151197,M,2,2,74884,2021-04-05 00:00:00
151197,M,2,2,84840,2021-04-26 00:00:00
151201,F,2,1,90400,
151201,F,2,1,56214,2021-03-17 00:00:00
151206,M,4,,126195,
151207,F,1,1,87495,2021-04-15 00:00:00
151209,M,1,,74813,
151210,M,9,,244219,
151211,M,9,9,231825,2021-05-09 00:00:00
151213,F,4,,40518,
151215,F,6,2,197684,
151215,F,3,1,107360,2021-03-12 00:00:00
151217,F,3,2,43916,
151217,F,3,2,102270,2021-04-08 00:00:00
151217,F,3,2,59993,2021-04-19 00:00:00
151218,F,4,4,112604,2021-05-01 00:00:00
151222,M,1,1,80543,2021-04-26 00:00:00
151227,M,1,,79125,
151234,M,1,,28714,
151235,M,1,1,33090,2021-03-17 00:00:00
151238,M,1,,19343,
151239,M,3,2,100781,
151239,M,3,2,40971,2021-03-25 00:00:00
151239,M,3,2,110339,2021-04-26 00:00:00
151240,F,4,4,90961,2021-03-10 00:00:00
151240,F,8,8,136526,2021-05-02 00:00:00
151240,F,4,4,109104,2021-05-06 00:00:00
151242,M,4,3,94460,
151242,M,4,3,31095,2021-03-11 00:00:00
151242,M,4,3,67012,2021-03-14 00:00:00
151242,M,4,3,27734,2021-03-18 00:00:00
151249,M,1,1,113963,2021-04-20 00:00:00
151252,M,1,,28827,
151258,M,1,,86392,
151263,M,3,2,25158,
151263,M,6,4,159289,2021-04-09 00:00:00
151264,M,1,,35018,
151268,M,1,,79934,
151270,M,1,,88250,
151283,F,1,1,23226,2021-05-05 00:00:00
151286,M,1,,114883,
151289,M,1,1,101387,2021-04-14 00:00:00
151294,F,12,3,141741,
151294,F,4,1,52930,2021-03-25 00:00:00
151295,M,1,1,108781,2021-03-11 00:00:00
151303,M,1,1,74399,2021-04-29 00:00:00
151307,M,10,6,123014,
151307,M,5,3,49544,2021-03-09 00:00:00
151307,M,5,3,70969,2021-03-11 00:00:00
151307,M,5,3,52335,2021-04-13 00:00:00
151313,M,1,1,110147,2021-05-08 00:00:00
151315,F,20,4,293853,
151315,F,5,1,23594,2021-04-18 00:00:00
151318,M,24,20,91932,
151318,M,24,20,168084,2021-03-09 00:00:00
151318,M,12,10,21442,2021-03-10 00:00:00
151318,M,12,10,28971,2021-03-11 00:00:00
151318,M,12,10,114711,2021-03-14 00:00:00
151318,M,12,10,71178,2021-03-17 00:00:00
151318,M,12,10,54473,2021-05-07 00:00:00
151318,M,24,20,199548,2021-05-08 00:00:00
151318,M,12,10,79495,2021-05-09 00:00:00
151320,M,16,12,145976,
151320,M,8,6,45056,2021-03-09 00:00:00
151320,M,8,6,91824,2021-03-13 00:00:00
151320,M,8,6,78065,2021-03-14 00:00:00
151320,M,8,6,62844,2021-03-15 00:00:00
151320,M,8,6,67257,2021-03-19 00:00:00
151320,M,8,6,29166,2021-03-21 00:00:00
151323,M,6,2,131416,
151323,M,3,1,88869,2021-03-21 00:00:00
151328,F,1,,114301,
151329,M,4,,103211,
151330,M,5,4,78467,
151330,M,5,4,92318,2021-04-08 00:00:00
151330,M,5,4,104825,2021-04-09 00:00:00
151330,M,5,4,30412,2021-04-11 00:00:00
151330,M,5,4,48726,2021-04-12 00:00:00
151338,M,12,3,104667,
151338,M,4,1,32617,2021-04-22 00:00:00
151339,M,4,4,129711,2021-05-03 00:00:00
151340,M,1,,56507,
151343,M,2,1,67086,
151343,M,2,1,74610,2021-04-11 00:00:00
151344,M,1,,110948,
151347,F,3,2,19261,
151347,F,6,4,199201,2021-03-20 00:00:00
151348,F,1,1,81553,2021-04-23 00:00:00
151352,M,1,1,109632,2021-04-02 00:00:00
151354,F,1,1,80389,2021-04-22 00:00:00
151358,F,1,1,32459,2021-05-05 00:00:00
151360,F,2,2,111274,2021-04-13 00:00:00
151360,F,2,2,88563,2021-04-21 00:00:00
151362,M,2,2,62665,2021-03-09 00:00:00
151362,M,2,2,48186,2021-03-17 00:00:00
151364,F,1,1,45649,2021-03-31 00:00:00
151367,F,1,,72118,
151370,F,1,1,96216,2021-04-05 00:00:00
151371,F,40,24,308773,
151371,F,10,6,53543,2021-03-11 00:00:00
151371,F,10,6,46791,2021-03-14 00:00:00
151371,F,20,12,101620,2021-04-08 00:00:00
151371,F,10,6,50299,2021-04-11 00:00:00
151371,F,10,6,62373,2021-04-17 00:00:00
151373,M,4,,120234,
151377,M,2,1,108431,
151377,M,2,1,52958,2021-04-12 00:00:00
151379,F,1,1,66451,2021-03-09 00:00:00
151384,F,6,2,154949,
151384,F,3,1,59974,2021-03-31 00:00:00
151385,M,1,1,66877,2021-03-18 00:00:00
151387,M,1,,104021,
151391,M,10,9,92096,
151391,M,10,9,29764,2021-03-09 00:00:00
151391,M,20,18,131138,2021-03-11 00:00:00
151391,M,10,9,41441,2021-03-16 00:00:00
151391,M,10,9,81529,2021-05-03 00:00:00
151391,M,10,9,51031,2021-05-04 00:00:00
151391,M,30,27,188814,2021-05-08 00:00:00
151397,M,4,3,52160,
151397,M,4,3,23578,2021-03-11 00:00:00
151397,M,4,3,72792,2021-03-25 00:00:00
151397,M,4,3,35655,2021-04-23 00:00:00
151410,F,1,,60406,
151412,F,8,4,141171,
151412,F,4,2,102207,2021-04-04 00:00:00
151412,F,4,2,36983,2021-04-22 00:00:00
151423,F,3,2,22889,
151423,F,3,2,54666,2021-03-08 00:00:00
151423,F,3,2,94703,2021-03-09 00:00:00
151450,M,1,,37582,
151452,F,7,6,37282,
151452,F,7,6,48970,2021-04-05 00:00:00
151452,F,14,12,113129,2021-04-11 00:00:00
151452,F,7,6,112237,2021-04-12 00:00:00
151452,F,7,6,39004,2021-04-13 00:00:00
151452,F,7,6,94479,2021-04-21 00:00:00
151453,M,20,20,323997,2021-04-22 00:00:00
151453,M,5,5,33110,2021-05-06 00:00:00
151455,M,1,,73697,
151459,M,1,,71031,
151462,M,1,,34494,
151464,M,4,4,111322,2021-03-11 00:00:00
151464,M,4,4,72833,2021-03-30 00:00:00
151464,M,4,4,40452,2021-04-07 00:00:00
151464,M,4,4,85392,2021-05-04 00:00:00
151465,M,2,1,86127,
151465,M,2,1,82642,2021-03-17 00:00:00
151467,F,2,1,48555,
151467,F,2,1,27011,2021-03-16 00:00:00
151468,F,6,2,103806,
151468,F,3,1,59331,2021-03-14 00:00:00
151473,F,1,,33420,
151474,M,1,,43648,
151475,M,91,42,456527,
151475,M,39,18,171783,2021-03-10 00:00:00
151475,M,39,18,166818,2021-03-13 00:00:00
151477,F,1,,112464,
151483,F,2,1,97530,
151483,F,2,1,61425,2021-05-10 00:00:00
151489,M,4,4,72800,2021-05-06 00:00:00
151489,M,4,4,27733,2021-05-09 00:00:00
151489,M,8,8,130493,2021-05-11 00:00:00
151490,M,1,,95308,
151497,F,1,,63965,
151499,M,1,,34951,
151523,M,1,1,31418,2021-04-13 00:00:00
151524,M,5,5,44442,2021-03-23 00:00:00
151524,M,5,5,60817,2021-03-25 00:00:00
151524,M,10,10,52827,2021-04-05 00:00:00
151524,M,5,5,88584,2021-04-22 00:00:00
151525,M,4,4,142471,2021-05-02 00:00:00
151530,M,2,1,21607,
151530,M,2,1,49855,2021-05-03 00:00:00
151556,M,1,,64754,
151563,M,3,3,80555,2021-04-15 00:00:00
151563,M,3,3,41141,2021-04-16 00:00:00
151563,M,3,3,37855,2021-04-25 00:00:00
151573,M,1,1,19654,2021-03-19 00:00:00
151575,F,6,2,186675,
151575,F,3,1,61555,2021-03-11 00:00:00
151580,F,2,1,81256,
151580,F,2,1,111400,2021-03-10 00:00:00
151581,F,4,,220729,
151582,F,4,,155875,
151586,M,5,5,92511,2021-03-09 00:00:00
151586,M,5,5,49597,2021-03-12 00:00:00
151586,M,5,5,114880,2021-03-17 00:00:00
151586,M,5,5,99493,2021-03-25 00:00:00
151586,M,5,5,79122,2021-04-07 00:00:00
151588,M,1,,105792,
151594,F,2,2,88206,2021-03-21 00:00:00
151594,F,2,2,62222,2021-04-12 00:00:00
151600,F,1,,74352,
151605,M,1,,87415,
151608,M,4,4,54317,2021-03-23 00:00:00
151608,M,4,4,88642,2021-03-29 00:00:00
151608,M,4,4,74651,2021-03-31 00:00:00
151608,M,4,4,112764,2021-04-07 00:00:00
151612,F,1,1,76989,2021-05-10 00:00:00
151613,F,4,4,163993,2021-04-28 00:00:00
151615,M,6,2,154616,
151615,M,3,1,77470,2021-03-10 00:00:00
151622,M,1,,107037,
151623,F,1,,102329,
151627,M,1,,27545,
151630,M,1,,108618,
151635,F,1,1,75466,2021-05-09 00:00:00
151639,M,1,,71200,
151644,F,1,,76304,
151645,F,1,,97270,
151649,F,1,,82406,
151653,M,1,,19356,
151654,M,1,,89499,
151656,M,2,1,83374,
151656,M,2,1,41875,2021-04-06 00:00:00
151660,M,1,,114743,
151661,F,4,3,69466,
151661,F,8,6,83631,2021-04-21 00:00:00
151661,F,4,3,66401,2021-04-23 00:00:00
151663,F,2,1,69119,
151663,F,2,1,45915,2021-04-12 00:00:00
151720,M,1,,53429,
151732,M,4,3,44925,
151732,M,4,3,63519,2021-04-19 00:00:00
151732,M,4,3,64377,2021-04-30 00:00:00
151732,M,4,3,62502,2021-05-05 00:00:00
151746,F,4,,157964,
151752,M,2,1,24722,
151752,M,2,1,113635,2021-04-07 00:00:00
151756,M,2,2,46851,2021-03-15 00:00:00
151756,M,2,2,104630,2021-04-09 00:00:00
151757,M,20,20,257491,2021-04-28 00:00:00
151757,M,5,5,103586,2021-04-29 00:00:00
151759,M,21,12,119663,
151759,M,14,8,94619,2021-04-06 00:00:00
151759,M,14,8,145188,2021-04-08 00:00:00
151766,M,2,2,88273,2021-03-16 00:00:00
151766,M,2,2,72770,2021-04-11 00:00:00
151771,M,1,,73824,
151779,M,1,,114516,
151786,M,4,4,178890,2021-04-12 00:00:00
151790,M,2,1,105158,
151790,M,2,1,109698,2021-05-09 00:00:00
151800,F,6,5,109781,
151800,F,6,5,67135,2021-03-10 00:00:00
151800,F,6,5,19265,2021-03-13 00:00:00
151800,F,6,5,98144,2021-03-20 00:00:00
151800,F,6,5,100501,2021-03-30 00:00:00
151800,F,6,5,64385,2021-04-09 00:00:00
151808,F,1,,91810,
151814,F,1,,25157,
151815,M,1,,55875,
151825,M,3,3,74315,2021-04-13 00:00:00
151825,M,3,3,33814,2021-04-22 00:00:00
151825,M,3,3,25554,2021-04-27 00:00:00
151834,F,48,32,242069,
151834,F,24,16,103260,2021-03-18 00:00:00
151834,F,12,8,56350,2021-03-19 00:00:00
151834,F,12,8,97223,2021-03-29 00:00:00
151834,F,12,8,33863,2021-03-30 00:00:00
151834,F,12,8,61375,2021-04-01 00:00:00
151834,F,12,8,108862,2021-04-04 00:00:00
151834,F,12,8,32071,2021-04-19 00:00:00
151835,M,1,,34537,
151837,M,6,6,47243,2021-04-06 00:00:00
151837,M,6,6,102727,2021-04-19 00:00:00
151837,M,24,24,298340,2021-04-20 00:00:00
151853,F,6,6,199567,2021-03-21 00:00:00
151853,F,3,3,42853,2021-04-10 00:00:00
151860,F,4,,97217,
151862,M,1,,110636,
151884,M,1,,74803,
151887,M,1,,105568,
151891,F,4,3,81691,
151891,F,12,9,265061,2021-04-12 00:00:00
151895,M,2,1,70839,
151895,M,2,1,101745,2021-04-27 00:00:00
151909,F,12,8,79752,
151909,F,6,4,54380,2021-03-20 00:00:00
151909,F,6,4,36234,2021-04-20 00:00:00
151909,F,12,8,49664,2021-04-21 00:00:00
151910,F,7,6,27355,
151910,F,7,6,66590,2021-04-06 00:00:00
151910,F,7,6,74509,2021-04-26 00:00:00
151910,F,14,12,112340,2021-04-27 00:00:00
151910,F,7,6,74894,2021-04-28 00:00:00
151910,F,7,6,88259,2021-04-29 00:00:00
151916,F,2,1,69402,
151916,F,2,1,72548,2021-04-29 00:00:00
151927,F,1,,34208,
151928,F,8,4,69695,
151928,F,4,2,57619,2021-03-30 00:00:00
151928,F,4,2,36402,2021-05-09 00:00:00
151929,F,5,5,97952,2021-03-19 00:00:00
151929,F,5,5,51964,2021-03-30 00:00:00
151929,F,5,5,90264,2021-04-12 00:00:00
151929,F,5,5,103211,2021-04-19 00:00:00
151929,F,5,5,55798,2021-04-22 00:00:00
151930,F,1,,111624,
151932,F,4,,148851,
151935,F,4,,106000,
151949,F,1,,57681,
151950,M,1,,76205,
151951,F,9,,255153,
151953,F,1,,109074,
151962,F,1,,21692,
151977,M,1,,47139,
151981,M,3,3,47923,2021-03-11 00:00:00
151981,M,6,6,148260,2021-03-15 00:00:00
151983,F,1,1,69414,2021-03-21 00:00:00
151984,M,2,1,100129,
151984,M,2,1,63094,2021-04-15 00:00:00
151985,F,4,,107046,
151987,F,1,,99053,
151993,M,1,,41053,
152014,M,1,,52899,
152020,F,1,,22663,
152023,M,6,5,98701,
152023,M,6,5,52079,2021-03-25 00:00:00
152023,M,24,20,294385,2021-03-26 00:00:00
152029,M,1,,87524,
152034,M,1,1,55856,2021-04-20 00:00:00
152040,M,1,,73639,
152047,M,4,,62987,
152056,M,1,,104463,
152057,F,1,,51805,
152063,M,1,,93526,
152066,M,1,,90523,
152069,M,6,2,102165,
152069,M,3,1,91792,2021-03-24 00:00:00
152075,M,4,,112033,
152078,M,1,,73482,
152079,M,22,18,178193,
152079,M,77,63,483824,2021-03-14 00:00:00
152079,M,11,9,65971,2021-03-16 00:00:00
152079,M,11,9,53295,2021-03-19 00:00:00
152081,M,1,1,71097,2021-03-19 00:00:00
152082,M,4,3,41042,
152082,M,4,3,93413,2021-03-20 00:00:00
152082,M,8,6,103080,2021-04-07 00:00:00
152088,M,6,5,93057,
152088,M,12,10,180409,2021-04-29 00:00:00
152088,M,18,15,295382,2021-04-30 00:00:00
152091,M,1,,52789,
152092,F,5,5,96252,2021-03-16 00:00:00
152092,F,10,10,152187,2021-03-28 00:00:00
152092,F,10,10,146405,2021-03-30 00:00:00
152095,F,2,2,69526,2021-03-10 00:00:00
152095,F,2,2,62737,2021-03-30 00:00:00
152098,M,3,2,108090,
152098,M,3,2,55606,2021-03-08 00:00:00
152098,M,3,2,72755,2021-03-09 00:00:00
152117,M,4,4,126264,2021-05-03 00:00:00
152118,M,1,,92779,
152123,M,1,,43823,
152125,F,1,,63601,
152130,M,1,,34285,
152133,M,2,1,106531,
152133,M,2,1,50695,2021-03-14 00:00:00
152140,F,24,20,162535,
152140,F,12,10,34932,2021-03-09 00:00:00
152140,F,12,10,92049,2021-03-11 00:00:00
152140,F,12,10,90891,2021-03-22 00:00:00
152140,F,24,20,131721,2021-04-19 00:00:00
152140,F,60,50,290323,2021-04-20 00:00:00
152143,F,1,,32769,
152146,M,3,2,49776,
152146,M,3,2,22788,2021-03-08 00:00:00
152146,M,3,2,38226,2021-03-18 00:00:00
152147,F,56,7,553579,
152147,F,8,1,107756,2021-04-15 00:00:00
152148,F,4,3,79927,
152148,F,4,3,34638,2021-03-16 00:00:00
152148,F,8,6,191830,2021-04-14 00:00:00
152149,F,1,,19267,
152150,M,3,2,70279,
152150,M,6,4,104363,2021-03-16 00:00:00
152151,F,1,1,19891,2021-03-31 00:00:00
152155,F,1,,65686,
152160,F,1,,57898,
152166,M,1,1,40807,2021-05-05 00:00:00
152177,F,1,,47938,
152199,M,1,1,107810,2021-03-10 00:00:00
152213,F,1,,100788,
152253,F,1,,63390,
152255,F,1,,88922,
152918,F,1,,83467,
152919,M,1,1,74081,2021-04-16 00:00:00
152920,F,16,,274495,
152926,F,1,,90945,
152927,M,5,5,26480,2021-03-09 00:00:00
152927,M,10,10,154902,2021-04-30 00:00:00
152927,M,10,10,135409,2021-05-04 00:00:00
152929,F,25,25,309397,2021-05-08 00:00:00
152930,F,2,1,66672,
152930,F,2,1,94755,2021-04-19 00:00:00
159020,M,2,1,73177,
159020,M,2,1,110800,2021-03-31 00:00:00
159021,M,1,1,91512,2021-04-06 00:00:00
159029,M,2,1,64056,
159029,M,2,1,105906,2021-04-07 00:00:00
159048,F,1,,100764,
159062,F,1,,102014,
159074,F,1,,88566,
159095,F,1,,76290,
159104,F,1,,73811,
159119,F,2,1,84236,
159119,F,2,1,94649,2021-04-06 00:00:00
159982,M,16,12,213818,
159982,M,24,18,276382,2021-03-31 00:00:00
159982,M,8,6,95831,2021-04-03 00:00:00
159982,M,8,6,56850,2021-04-11 00:00:00
159982,M,8,6,53083,2021-04-18 00:00:00
159984,M,1,,21441,
159989,F,1,,107382,
159994,M,2,2,77841,2021-04-02 00:00:00
159994,M,2,2,77068,2021-04-03 00:00:00
159996,M,1,,72446,
160003,M,6,2,96417,
160003,M,3,1,47825,2021-03-31 00:00:00
160004,F,2,1,58402,
160004,F,2,1,55033,2021-04-28 00:00:00
160007,F,2,1,102185,
160007,F,2,1,22671,2021-03-25 00:00:00
160014,M,1,,25344,
160015,M,1,1,114030,2021-03-25 00:00:00
160019,F,1,,38998,
160026,M,1,,88804,
160047,F,4,,91757,
160050,F,1,,61343,
160054,F,1,,70006,
162148,F,1,,53208,
162151,M,2,1,98077,
162151,M,2,1,44265,2021-04-09 00:00:00
162161,F,3,2,33179,
162161,F,6,4,198036,2021-04-21 00:00:00
162173,F,1,1,68118,2021-04-12 00:00:00
162176,F,1,,32511,
162177,F,6,6,176043,2021-04-12 00:00:00
162177,F,3,3,71832,2021-05-06 00:00:00
162178,F,4,,132550,
162191,F,1,,45785,
162199,F,1,1,81749,2021-04-27 00:00:00
162209,M,1,,50980,
162211,M,4,,72857,
162226,M,1,,67756,
162230,F,7,6,32251,
162230,F,14,12,79065,2021-04-09 00:00:00
162230,F,21,18,208616,2021-04-10 00:00:00
162230,F,7,6,69619,2021-04-18 00:00:00
162232,M,8,8,55320,2021-04-12 00:00:00
162232,M,16,16,59174,2021-04-18 00:00:00
162232,M,16,16,214192,2021-04-19 00:00:00
162232,M,16,16,155768,2021-04-26 00:00:00
162232,M,8,8,43663,2021-04-28 00:00:00
162264,M,1,,42792,
162266,M,2,2,63430,2021-04-13 00:00:00
162266,M,2,2,79599,2021-04-15 00:00:00
162272,M,1,,55322,
162297,M,4,4,55197,2021-05-04 00:00:00
162303,M,1,,68331,
162304,F,30,5,246635,
162304,F,6,1,102734,2021-04-22 00:00:00
162325,M,4,3,112467,
162325,M,4,3,114303,2021-05-02 00:00:00
162325,M,4,3,101870,2021-05-03 00:00:00
162325,M,4,3,78603,2021-05-11 00:00:00
162327,F,1,1,99314,2021-05-10 00:00:00
162328,F,10,10,177330,2021-04-25 00:00:00
162328,F,5,5,79663,2021-04-26 00:00:00
162328,F,5,5,44624,2021-04-29 00:00:00
162328,F,5,5,43083,2021-05-02 00:00:00
162342,M,4,3,23011,
162342,M,4,3,91559,2021-04-09 00:00:00
162342,M,4,3,63845,2021-04-14 00:00:00
162342,M,4,3,69805,2021-04-23 00:00:00
162344,M,4,4,70207,2021-04-09 00:00:00
162344,M,4,4,53664,2021-04-14 00:00:00
162344,M,4,4,47274,2021-04-15 00:00:00
162344,M,4,4,60685,2021-04-26 00:00:00
162346,M,1,,99489,
162348,F,4,2,86512,
162348,F,8,4,142426,2021-05-05 00:00:00
162348,F,4,2,111857,2021-05-11 00:00:00
162351,F,5,4,96789,
162351,F,5,4,68707,2021-04-23 00:00:00
162351,F,5,4,83294,2021-04-25 00:00:00
162351,F,10,8,209027,2021-04-26 00:00:00
162353,M,15,6,231170,
162353,M,5,2,29733,2021-04-27 00:00:00
162353,M,5,2,101450,2021-05-04 00:00:00
162355,F,7,7,89553,2021-04-23 00:00:00
162355,F,7,7,20405,2021-04-25 00:00:00
162355,F,7,7,72455,2021-04-26 00:00:00
162355,F,7,7,49484,2021-04-27 00:00:00
162355,F,7,7,26234,2021-04-29 00:00:00
162355,F,7,7,23673,2021-05-02 00:00:00
162355,F,7,7,36722,2021-05-04 00:00:00
162356,F,36,20,268445,
162356,F,9,5,30253,2021-04-27 00:00:00
162356,F,18,10,87849,2021-04-29 00:00:00
162356,F,18,10,85966,2021-05-03 00:00:00
162357,F,1,,94104,
162359,F,5,5,92085,2021-04-23 00:00:00
162359,F,5,5,59717,2021-04-24 00:00:00
162359,F,15,15,195545,2021-04-25 00:00:00
162361,F,1,,92021,
162365,M,2,1,49725,
162365,M,2,1,24317,2021-04-20 00:00:00
162369,F,4,,97095,
162372,F,7,7,21908,2021-04-20 00:00:00
162372,F,7,7,56927,2021-04-21 00:00:00
162372,F,7,7,59087,2021-04-22 00:00:00
162372,F,14,14,104104,2021-04-27 00:00:00
162372,F,14,14,182814,2021-05-10 00:00:00
162423,F,1,,57608,
162440,F,1,,49587,
162441,F,1,,58928,
162444,F,3,2,95809,
162444,F,6,4,45091,2021-04-30 00:00:00
162445,F,3,2,79827,
162445,F,3,2,76138,2021-04-23 00:00:00
162445,F,3,2,54245,2021-05-01 00:00:00
164106,F,1,,98449,
164122,M,2,1,82162,
164122,M,2,1,89282,2021-05-11 00:00:00
164126,F,2,2,24169,2021-04-26 00:00:00
164126,F,2,2,50341,2021-04-27 00:00:00
164132,F,6,2,79200,
164132,F,3,1,28211,2021-04-24 00:00:00
164135,F,3,2,34789,
164135,F,6,4,70548,2021-05-01 00:00:00
164136,F,1,,103128,
164173,F,3,2,47503,
164173,F,3,2,53332,2021-04-27 00:00:00
164173,F,3,2,70699,2021-05-06 00:00:00
164177,M,1,,54893,
164193,F,4,,188731,
164197,F,2,1,34389,
164197,F,2,1,40278,2021-04-22 00:00:00
164208,F,1,,112071,
164224,M,2,2,72520,2021-04-24 00:00:00
164224,M,2,2,36332,2021-05-08 00:00:00
164232,F,4,,176676,
164242,M,10,10,63548,2021-04-27 00:00:00
164242,M,15,15,174242,2021-05-04 00:00:00
164256,F,1,,34581,
164263,F,1,,83271,
164270,F,9,,260777,
164273,F,3,3,80757,2021-04-25 00:00:00
164273,F,6,6,170573,2021-04-27 00:00:00
164280,F,2,1,110463,
164280,F,2,1,83530,2021-05-04 00:00:00
164325,M,1,,64025,
164329,M,3,2,76725,
164329,M,6,4,186130,2021-04-22 00:00:00
164336,F,1,,24662,
164339,,1,,63061,2021-05-11 00:00:00
164342,M,1,1,81837,2021-05-02 00:00:00
164355,M,1,,102410,
164371,M,1,,46388,
164405,M,2,2,78846,2021-04-25 00:00:00
164405,M,2,2,80883,2021-05-09 00:00:00
164406,M,1,1,87210,2021-04-25 00:00:00
164408,M,2,1,96992,
164408,M,2,1,26868,2021-05-02 00:00:00
164415,F,12,3,219701,
164415,F,4,1,23476,2021-05-11 00:00:00
164424,M,1,,115170,
164450,M,5,5,27479,2021-05-01 00:00:00
164450,M,20,20,270808,2021-05-06 00:00:00
164451,F,1,,78000,
164634,M,1,,22833,
